player,pitches,total,pitches%,PA,AB,BIP,H,1B,2B,3B,HR,SO,K%,BB,BB%,Whiffs,Swings,BA,xBA,OBP,xOBP,SLG,xSLG,wOBA,xwOBA,Barrels,PV,EV,LA
Juan Soto,314,2960,10.6,73,60,53,17,8,2,1,6,8,11.0,12,16.4,27,120,.283,.342,.397,.453,.650,.677,.435,.481,11,89.9,94.2,6
Anthony Santander,290,2738,10.6,72,63,51,21,13,2,1,5,12,16.7,9,12.5,34,149,.333,.261,.417,.354,.635,.467,.445,.356,6,90.0,88.9,18
José Ramírez,284,2735,10.4,61,58,50,14,4,6,0,4,8,13.1,3,4.9,25,163,.241,.245,.279,.283,.552,.490,.349,.327,6,89.5,85.7,29
Shohei Ohtani,267,2838,9.4,68,61,54,17,11,1,2,3,9,13.2,5,7.4,41,143,.279,.315,.324,.359,.508,.628,.349,.411,7,90.3,93.1,16
Elly De La Cruz,261,2751,9.5,67,61,45,19,13,1,2,3,16,23.9,6,9.0,40,135,.311,.274,.373,.339,.541,.506,.391,.362,5,89.6,91.8,10
Matt Olson,260,2947,8.8,66,59,47,18,11,4,0,3,13,19.7,5,7.6,35,134,.305,.256,.364,.333,.525,.398,.379,.333,5,89.7,94.0,14
Jarren Duran,255,2844,9.0,69,65,52,18,12,4,1,1,13,18.8,2,2.9,29,127,.277,.293,.319,.335,.415,.448,.320,.340,4,90.4,89.8,5
Aaron Judge,253,2885,8.8,58,48,37,15,7,4,0,4,11,19.0,10,17.2,34,107,.313,.292,.431,.416,.646,.668,.453,.449,8,89.8,93.3,23
Ryan McMahon,252,2723,9.3,55,47,35,12,6,4,0,2,13,23.6,7,12.7,30,126,.255,.238,.345,.335,.468,.440,.350,.336,3,89.5,90.4,12
Willy Adames,250,2733,9.1,68,60,42,12,6,3,0,3,18,26.5,8,11.8,43,130,.200,.205,.294,.298,.400,.477,.305,.331,6,89.4,87.2,25
Jurickson Profar,248,2739,9.1,47,41,37,14,11,2,0,1,4,8.5,5,10.6,18,107,.341,.330,.426,.415,.463,.423,.392,.374,1,89.7,89.8,17
Gunnar Henderson,245,2896,8.5,65,58,43,19,11,5,1,2,15,23.1,7,10.8,33,121,.328,.290,.400,.367,.552,.415,.407,.344,4,89.4,93.9,10
Daulton Varsho,244,2048,11.9,58,55,45,7,4,1,0,2,10,17.2,3,5.2,30,130,.127,.202,.172,.243,.255,.348,.189,.255,4,89.5,82.2,30
George Springer,240,2304,10.4,62,48,37,8,5,0,2,1,12,19.4,13,21.0,43,121,.167,.225,.339,.384,.313,.359,.300,.338,2,89.0,86.7,17
Adley Rutschman,238,2593,9.2,58,49,42,13,10,3,0,0,8,13.8,7,12.1,15,107,.265,.272,.362,.368,.327,.343,.312,.322,1,90.3,83.7,23
Vinnie Pasquantino,236,2133,11.1,58,56,55,16,10,5,0,1,1,1.7,2,3.4,13,117,.286,.274,.310,.299,.429,.407,.319,.305,2,89.5,88.8,21
Marcus Semien,235,2626,8.9,56,53,51,14,9,3,0,2,2,3.6,3,5.4,14,109,.264,.298,.304,.337,.434,.481,.319,.352,5,89.1,87.1,16
Francisco Lindor,234,2713,8.6,58,51,45,11,6,1,0,4,6,10.3,5,8.6,19,112,.216,.275,.310,.363,.471,.602,.338,.406,9,89.6,90.8,18
Andrés Giménez,234,2400,9.8,60,55,46,14,10,2,0,2,10,16.7,2,3.3,32,126,.255,.291,.300,.339,.400,.403,.304,.327,1,88.9,87.0,21
Jesse Winker,233,2063,11.3,48,39,31,8,7,1,0,0,8,16.7,9,18.8,20,103,.205,.231,.354,.376,.231,.298,.284,.315,0,90.3,84.4,10
Riley Greene,233,2415,9.6,56,48,38,18,7,6,2,3,10,17.9,7,12.5,24,110,.375,.310,.464,.409,.771,.563,.510,.416,3,89.7,92.0,14
Gleyber Torres,232,2821,8.2,49,42,29,9,6,1,0,2,14,28.6,6,12.2,36,108,.214,.205,.306,.298,.381,.332,.302,.281,2,89.4,89.2,19
Brandon Nimmo,228,2747,8.3,48,43,35,13,7,3,0,3,8,16.7,4,8.3,22,114,.302,.368,.375,.434,.581,.663,.408,.464,6,89.6,95.5,17
Freddie Freeman,227,2522,9.0,60,57,44,16,11,4,0,1,13,21.7,3,5.0,29,118,.281,.270,.317,.307,.404,.385,.314,.301,1,90.3,86.4,11
Ezequiel Tovar,227,2528,9.0,50,48,39,10,8,0,0,2,10,20.0,1,2.0,35,142,.208,.246,.220,.268,.333,.454,.237,.317,4,88.9,88.6,24
Carlos Santana,225,2423,9.3,48,43,35,12,5,5,0,2,8,16.7,5,10.4,25,102,.279,.264,.354,.343,.535,.394,.380,.325,2,90.3,85.6,15
Bobby Witt Jr.,224,2600,8.6,55,49,40,19,15,2,0,2,10,18.2,5,9.1,30,112,.388,.328,.436,.383,.551,.580,.423,.405,5,90.1,90.6,15
Isaac Paredes,224,2853,7.9,47,43,37,14,9,5,0,0,6,12.8,4,8.5,15,100,.326,.286,.383,.347,.442,.375,.361,.319,1,88.9,84.3,14
Anthony Volpe,224,2797,8.0,62,59,48,14,10,2,1,1,12,19.4,2,3.2,27,125,.237,.287,.258,.306,.356,.424,.264,.314,2,89.3,86.2,13
Jake Cronenworth,223,2752,8.1,63,56,48,10,6,1,0,3,9,14.3,3,4.8,20,121,.179,.325,.254,.388,.357,.604,.269,.419,6,90.0,89.8,20
Nathaniel Lowe,220,2356,9.3,52,48,38,11,9,2,0,0,10,19.2,4,7.7,22,107,.229,.193,.288,.255,.271,.275,.254,.238,1,91.0,86.4,10
Yordan Alvarez,220,2264,9.7,50,46,41,12,6,2,0,4,6,12.0,3,6.0,19,99,.261,.278,.300,.322,.565,.597,.361,.384,5,90.0,94.9,24
Rafael Devers,220,2375,9.3,60,51,42,13,8,4,0,1,10,16.7,7,11.7,40,107,.255,.292,.350,.381,.392,.494,.328,.377,4,90.7,88.9,19
Willi Castro,219,2509,8.7,56,48,41,15,8,5,1,1,8,14.3,6,10.7,30,121,.313,.316,.393,.410,.521,.533,.390,.423,5,90.2,87.2,16
Josh Bell,219,2238,9.8,56,51,42,14,5,6,0,3,10,17.9,3,5.4,37,120,.275,.247,.321,.301,.569,.478,.373,.332,4,90.2,85.4,18
Josh Smith,219,2327,9.4,57,52,43,15,8,4,0,3,10,17.5,2,3.5,24,120,.288,.238,.333,.288,.538,.332,.369,.273,1,90.2,85.3,20
Taylor Ward,218,2599,8.4,51,41,30,7,6,0,0,1,12,23.5,9,17.6,31,100,.171,.244,.314,.376,.244,.399,.266,.347,2,89.5,88.5,10
Marcell Ozuna,217,2875,7.5,39,30,23,10,3,2,0,5,7,17.9,9,23.1,37,97,.333,.357,.487,.505,.900,.905,.554,.562,7,89.1,89.5,5
Jazz Chisholm Jr.,216,2495,8.7,51,48,43,14,9,1,0,4,5,9.8,3,5.9,28,121,.292,.314,.333,.354,.563,.596,.381,.401,6,89.6,90.9,12
Alex Verdugo,216,2342,9.2,60,58,49,9,8,1,0,0,9,15.0,2,3.3,26,111,.155,.198,.183,.224,.172,.286,.161,.224,1,89.8,84.9,14
Kyle Schwarber,215,2852,7.5,58,48,42,9,3,4,0,2,8,13.8,8,13.8,25,91,.188,.246,.293,.349,.396,.512,.298,.366,6,89.6,91.4,22
Bryan Reynolds,213,2604,8.2,61,55,40,16,13,0,0,3,15,24.6,3,4.9,29,110,.291,.316,.361,.384,.455,.529,.358,.394,4,89.8,94.6,17
Maikel Garcia,212,2360,9.0,50,45,38,6,3,3,0,0,7,14.0,5,10.0,15,82,.133,.224,.220,.302,.200,.308,.197,.275,1,90.2,89.5,7
Corbin Carroll,211,2648,8.0,45,37,32,13,7,3,2,1,6,13.3,6,13.3,12,85,.351,.313,.444,.421,.622,.412,.445,.382,0,90.1,88.7,11
Randy Arozarena,210,2774,7.6,48,39,32,11,9,0,0,2,8,16.7,6,12.5,22,81,.282,.192,.396,.326,.436,.372,.367,.315,2,89.6,88.3,17
Nolan Schanuel,209,2356,8.9,51,45,38,10,5,3,0,2,7,13.7,4,7.8,11,95,.222,.252,.314,.340,.422,.388,.323,.323,2,89.9,85.6,13
Bryan De La Cruz,206,2394,8.6,46,42,36,15,10,4,0,1,7,15.2,3,6.5,32,110,.357,.371,.391,.405,.524,.565,.390,.412,3,89.3,90.2,20
Manny Machado,206,2387,8.6,53,49,43,11,7,2,0,2,6,11.3,4,7.5,22,102,.224,.266,.283,.321,.388,.491,.293,.347,4,89.8,92.6,17
Paul Goldschmidt,204,2719,7.5,42,39,29,9,7,0,0,2,10,23.8,3,7.1,31,109,.231,.258,.286,.311,.385,.467,.294,.333,4,89.2,89.4,11
Cal Raleigh,203,2514,8.1,46,44,32,9,5,0,0,4,12,26.1,2,4.3,27,106,.205,.238,.239,.272,.477,.489,.304,.322,5,89.9,87.9,29
Sal Frelick,202,2046,9.9,53,48,40,13,10,2,1,0,8,15.1,4,7.5,11,82,.271,.261,.327,.318,.354,.309,.301,.283,0,89.4,81.6,19
Michael Busch,201,2365,8.5,51,45,36,14,8,4,0,2,9,17.6,5,9.8,17,94,.311,.272,.392,.358,.533,.487,.399,.364,3,89.5,87.9,24
Michael Toglia,200,1920,10.4,43,37,31,9,6,1,1,1,7,16.3,5,11.6,19,93,.243,.285,.326,.369,.405,.503,.317,.373,4,89.5,90.1,10
Jonathan India,198,2652,7.5,45,37,34,14,10,3,0,1,3,6.7,6,13.3,18,80,.378,.423,.489,.525,.541,.643,.449,.498,4,88.4,88.3,17
Salvador Perez,198,2301,8.6,55,53,46,12,9,2,0,1,7,12.7,1,1.8,28,103,.226,.181,.255,.211,.321,.344,.253,.239,3,89.4,90.3,24
William Contreras,197,2677,7.4,59,48,42,10,6,3,0,1,6,10.2,11,18.6,25,86,.208,.305,.356,.434,.333,.551,.317,.423,5,89.0,93.2,6
Tyler O'Neill,197,1984,9.9,45,39,25,9,3,4,0,2,15,33.3,5,11.1,42,95,.231,.196,.311,.282,.487,.461,.338,.314,4,89.5,90.6,27
Vladimir Guerrero Jr.,197,2602,7.6,52,46,35,20,11,5,0,4,11,21.2,6,11.5,29,87,.435,.323,.500,.401,.804,.562,.544,.411,5,89.9,95.0,9
Josh Naylor,196,2284,8.6,45,41,37,10,6,2,0,2,5,11.1,3,6.7,12,92,.244,.404,.289,.435,.439,.679,.310,.464,3,89.3,89.8,16
Corey Seager,195,1872,10.4,56,49,41,15,7,2,0,6,8,14.3,7,12.5,19,102,.306,.278,.393,.368,.714,.610,.461,.410,8,90.2,94.1,21
Spencer Steer,195,2621,7.4,50,42,37,9,5,1,0,3,5,10.0,7,14.0,28,96,.214,.265,.340,.382,.452,.474,.347,.373,4,88.7,88.9,18
Ian Happ,194,2721,7.1,48,39,32,13,6,2,1,4,7,14.6,9,18.8,18,92,.333,.308,.458,.438,.744,.532,.496,.418,5,89.8,94.3,10
Andrew Benintendi,194,1995,9.7,41,37,32,7,2,1,0,4,6,14.6,3,7.3,22,95,.189,.174,.244,.232,.541,.336,.324,.247,2,89.9,88.2,22
Charlie Blackmon,193,1920,10.1,43,40,36,17,12,3,0,2,4,9.3,3,7.0,18,96,.425,.328,.465,.376,.650,.461,.477,.365,3,89.8,82.9,13
Matt Chapman,193,2706,7.1,46,42,32,8,6,0,0,2,10,21.7,4,8.7,25,98,.190,.178,.261,.249,.333,.301,.264,.244,3,89.1,90.4,19
Brendan Rodgers,192,2079,9.2,50,44,39,14,10,2,0,2,5,10.0,6,12.0,17,99,.318,.359,.400,.436,.500,.580,.391,.435,4,89.2,90.6,12
MJ Melendez,192,1845,10.4,48,46,40,11,4,4,1,2,6,12.5,2,4.2,20,108,.239,.281,.271,.311,.500,.525,.325,.355,4,89.8,92.2,23
Wenceel Pérez,191,1754,10.9,42,42,33,13,6,6,0,1,9,21.4,0,0.0,24,95,.310,.254,.310,.254,.524,.366,.354,.267,1,90.4,86.1,13
Cedric Mullins,191,1938,9.9,47,41,34,16,10,1,1,4,7,14.9,5,10.6,19,102,.390,.270,.457,.350,.756,.498,.507,.364,4,90.0,86.6,24
Pete Alonso,190,2780,6.8,46,40,27,9,4,2,0,3,13,28.3,5,10.9,18,74,.225,.260,.326,.359,.500,.588,.355,.399,5,89.1,88.5,13
Josh Rojas,190,1901,10.0,41,34,26,8,4,4,0,0,8,19.5,7,17.1,21,87,.235,.165,.366,.311,.353,.266,.326,.272,1,90.0,90.5,19
Cody Bellinger,190,2083,9.1,52,48,43,13,7,4,0,2,6,11.5,3,5.8,19,98,.271,.253,.308,.293,.479,.435,.334,.313,2,89.6,89.2,8
Gavin Lux,189,1939,9.7,39,38,32,15,12,2,0,1,6,15.4,1,2.6,20,95,.395,.294,.410,.312,.526,.369,.406,.297,1,90.2,84.5,9
Colt Keith,188,2022,9.3,50,44,38,11,9,1,0,1,7,14.0,4,8.0,24,103,.250,.264,.320,.335,.341,.377,.294,.314,1,90.2,84.7,17
Jeimer Candelario,187,1781,10.5,44,43,34,6,4,1,0,1,9,20.5,0,0.0,23,95,.140,.187,.159,.206,.233,.263,.172,.205,1,89.1,85.9,20
Ryan O'Hearn,187,1920,9.7,45,43,39,16,9,3,0,4,4,8.9,2,4.4,18,100,.372,.354,.400,.382,.721,.629,.473,.428,4,90.2,87.6,24
J.P. Crawford,187,1911,9.8,42,39,35,10,7,1,0,2,4,9.5,3,7.1,12,79,.256,.280,.310,.332,.436,.451,.324,.337,2,89.3,85.1,22
Luis Arraez,187,2416,7.7,59,57,53,16,12,1,1,2,4,6.8,2,3.4,8,106,.281,.319,.305,.342,.439,.462,.320,.346,3,89.2,86.1,12
Brenton Doyle,187,2158,8.7,52,40,32,10,5,3,0,2,8,15.4,12,23.1,23,96,.250,.283,.423,.449,.475,.524,.395,.422,3,88.7,84.4,8
Dansby Swanson,186,2355,7.9,53,49,39,18,12,5,0,1,10,18.9,3,5.7,32,101,.367,.250,.415,.307,.531,.395,.409,.306,2,89.1,86.1,7
Gavin Sheets,186,2087,8.9,40,37,30,11,8,2,0,1,7,17.5,2,5.0,17,95,.297,.212,.350,.272,.432,.327,.343,.265,1,90.3,89.6,18
Rhys Hoskins,185,2243,8.2,36,32,26,9,5,0,0,4,7,19.4,3,8.3,18,81,.281,.289,.333,.341,.656,.540,.408,.372,3,89.9,91.9,13
Adolis García,184,2534,7.3,48,40,33,13,8,4,0,1,7,14.6,7,14.6,26,89,.325,.249,.438,.374,.500,.414,.410,.350,3,89.7,86.7,10
Brendan Donovan,184,2487,7.4,50,46,43,15,11,2,0,2,3,6.0,3,6.0,9,88,.326,.307,.380,.363,.500,.425,.382,.347,0,89.4,87.3,16
Jose Altuve,183,2454,7.5,47,44,36,13,11,2,0,0,8,17.0,3,6.4,23,96,.295,.297,.340,.341,.341,.427,.304,.334,1,89.5,86.2,16
Yandy Díaz,183,2460,7.4,46,41,30,13,10,3,0,0,11,23.9,5,10.9,17,78,.317,.271,.391,.351,.390,.365,.348,.320,2,89.5,93.1,5
Jackson Merrill,183,2214,8.3,44,42,38,14,10,1,0,3,5,11.4,1,2.3,17,109,.333,.348,.341,.356,.571,.575,.384,.391,3,90.0,87.7,19
Nicky Lopez,182,1628,11.2,50,46,37,13,12,1,0,0,9,18.0,4,8.0,20,96,.283,.243,.340,.303,.304,.288,.292,.269,0,90.5,82.7,4
Ketel Marte,182,2146,8.5,54,47,41,14,7,1,1,5,9,16.7,3,5.6,20,98,.298,.281,.333,.342,.681,.512,.408,.378,4,90.2,93.2,7
Brice Turang,181,2470,7.3,45,39,37,10,8,0,0,2,2,4.4,6,13.3,8,91,.256,.359,.356,.445,.410,.524,.340,.421,2,89.6,88.5,8
Lane Thomas,181,2080,8.7,40,35,28,6,5,0,0,1,7,17.5,5,12.5,16,76,.171,.262,.275,.354,.257,.403,.248,.336,1,88.6,86.6,28
Masyn Winn,179,2558,7.0,40,39,32,10,6,3,0,1,7,17.5,1,2.5,17,84,.256,.224,.275,.244,.410,.289,.295,.233,0,89.1,86.8,6
Matt Vierling,179,2312,7.7,43,38,35,11,5,4,0,2,3,7.0,5,11.6,11,72,.289,.285,.372,.368,.553,.497,.395,.373,3,89.3,87.7,20
Justin Turner,178,2320,7.7,40,38,35,13,9,3,0,1,3,7.5,2,5.0,10,90,.342,.350,.375,.383,.500,.568,.378,.407,3,89.9,88.8,15
Seiya Suzuki,178,2509,7.1,45,45,35,15,9,2,0,4,10,22.2,0,0.0,15,82,.333,.326,.333,.326,.644,.682,.414,.423,6,89.4,92.6,19
Julio Rodríguez,177,2385,7.4,40,36,27,11,8,0,0,3,10,25.0,3,7.5,34,100,.306,.286,.350,.335,.556,.561,.382,.376,3,89.4,92.0,13
CJ Abrams,177,2261,7.8,37,32,28,11,6,1,0,4,4,10.8,2,5.4,22,79,.344,.319,.432,.411,.750,.650,.494,.449,4,89.2,91.2,13
Davis Schneider,176,1974,8.9,35,33,24,7,4,2,0,1,9,25.7,2,5.7,19,75,.212,.199,.257,.244,.364,.472,.270,.301,3,89.5,90.7,30
JJ Bleday,176,2483,7.1,50,42,35,13,5,5,0,3,7,14.0,8,16.0,21,91,.310,.269,.420,.386,.643,.453,.447,.369,3,89.3,86.4,21
Bryce Harper,175,2469,7.1,33,29,26,14,9,2,0,3,3,9.1,4,12.1,21,92,.483,.482,.545,.544,.862,.915,.586,.602,4,89.3,95.6,19
Bryson Stott,175,2307,7.6,49,47,40,9,8,1,0,0,7,14.3,0,0.0,18,83,.191,.263,.224,.293,.213,.395,.199,.299,1,90.1,90.6,17
Alec Burleson,173,2117,8.2,44,37,36,14,12,1,0,1,2,4.5,5,11.4,9,96,.378,.367,.455,.453,.486,.535,.410,.426,3,89.4,92.9,15
Will Smith,173,2271,7.6,36,35,28,9,6,1,0,2,7,19.4,1,2.8,20,84,.257,.304,.278,.324,.457,.590,.315,.386,4,90.0,88.9,22
Jake Burger,173,2081,8.3,42,41,35,10,5,2,0,3,7,16.7,0,0.0,29,96,.244,.294,.238,.301,.512,.566,.311,.367,5,89.6,88.6,13
Oneil Cruz,172,2381,7.2,42,36,29,11,6,3,0,2,7,16.7,6,14.3,20,79,.306,.364,.405,.455,.556,.744,.412,.495,5,90.0,95.7,14
Ozzie Albies,172,1649,10.4,35,30,24,10,6,3,0,1,6,17.1,5,14.3,23,95,.333,.377,.429,.466,.533,.569,.416,.445,2,89.9,88.0,22
Alec Bohm,169,2122,8.0,52,45,39,9,6,1,0,2,8,15.4,5,9.6,16,87,.200,.261,.269,.341,.356,.421,.271,.335,3,89.0,87.9,13
Christopher Morel,169,2352,7.2,52,50,43,14,10,2,0,2,8,15.4,1,1.9,24,89,.280,.271,.288,.280,.440,.511,.310,.331,6,90.1,87.5,8
Joc Pederson,167,1810,9.2,34,28,25,12,5,3,0,4,3,8.8,5,14.7,11,78,.429,.419,.515,.510,.964,.937,.600,.585,5,90.8,92.7,23
Jeremy Peña,166,2272,7.3,50,47,39,12,9,3,0,0,8,16.0,1,2.0,21,94,.255,.295,.300,.338,.319,.441,.277,.339,2,89.4,86.6,7
Austin Riley,166,1822,9.1,38,36,29,8,5,2,0,1,7,18.4,2,5.3,21,78,.222,.252,.263,.292,.361,.458,.272,.321,2,89.2,88.4,15
Teoscar Hernández,166,2608,6.4,36,29,24,8,6,1,0,1,6,16.7,5,13.9,24,73,.276,.277,.389,.392,.414,.464,.354,.374,2,89.8,85.6,9
Nolan Arenado,165,2452,6.7,35,34,33,12,9,2,0,1,1,2.9,1,2.9,12,79,.353,.279,.371,.299,.500,.379,.377,.296,1,88.9,83.6,13
Luke Raley,164,1713,9.6,46,44,34,10,5,3,0,2,10,21.7,0,0.0,29,100,.227,.257,.261,.290,.432,.456,.298,.319,3,90.0,92.4,12
Nico Hoerner,164,2314,7.1,44,44,37,14,11,1,0,2,7,15.9,0,0.0,13,73,.318,.268,.318,.268,.477,.361,.342,.270,2,89.2,86.3,6
Jorge Polanco,163,1946,8.4,43,39,32,8,5,1,0,2,9,20.9,2,4.7,19,91,.205,.256,.233,.279,.385,.464,.259,.308,2,89.3,86.8,15
Andrew Vaughn,163,2337,7.0,44,39,35,11,8,2,0,1,5,11.4,4,9.1,17,87,.282,.242,.341,.317,.410,.461,.327,.340,3,89.6,89.8,23
Trevor Larnach,162,1576,10.3,49,45,32,17,8,5,0,4,13,26.5,4,8.2,21,75,.378,.315,.429,.372,.756,.657,.496,.430,5,90.3,96.1,11
Trea Turner,162,2043,7.9,46,44,39,20,13,4,0,3,5,10.9,2,4.3,22,94,.455,.336,.478,.365,.750,.538,.522,.388,4,89.0,85.4,15
Brayan Rocchio,162,1669,9.7,43,37,31,8,6,2,0,0,7,16.3,3,7.0,17,77,.216,.286,.302,.364,.270,.344,.263,.320,0,89.3,77.9,8
Steven Kwan,161,2165,7.4,33,30,27,9,7,1,0,1,3,9.1,3,9.1,3,58,.300,.277,.364,.343,.433,.382,.350,.321,1,89.0,84.9,15
Alex Bregman,161,2393,6.7,39,34,31,12,8,4,0,0,3,7.7,4,10.3,6,69,.353,.332,.436,.418,.471,.489,.399,.395,1,89.6,90.1,14
Masataka Yoshida,160,1593,10.0,41,39,36,13,8,3,0,2,3,7.3,1,2.4,12,83,.333,.326,.366,.359,.564,.611,.398,.412,4,90.3,88.5,17
Andrew McCutchen,158,2163,7.3,30,28,22,9,4,2,1,2,6,20.0,2,6.7,16,58,.321,.275,.367,.323,.679,.562,.437,.375,4,89.1,86.3,9
Orlando Arcia,158,2332,6.8,39,36,34,14,7,2,0,5,3,7.7,2,5.1,16,82,.389,.312,.410,.346,.861,.597,.521,.399,3,89.1,92.9,15
Wyatt Langford,158,2256,7.0,41,37,31,12,8,2,0,2,6,14.6,4,9.8,18,72,.324,.297,.390,.368,.541,.467,.400,.365,2,89.5,88.0,19
Colton Cowser,158,2311,6.8,30,23,21,8,2,2,0,4,3,10.0,3,10.0,16,66,.348,.325,.467,.457,.957,.759,.557,.502,5,90.2,93.3,21
Brent Rooker,156,2378,6.6,36,33,25,11,6,2,0,3,8,22.2,3,8.3,26,68,.333,.250,.389,.312,.667,.583,.445,.374,4,89.0,91.5,27
Jackson Chourio,156,2103,7.4,41,39,33,13,10,3,0,0,6,14.6,2,4.9,17,76,.333,.285,.366,.320,.410,.389,.340,.310,2,89.2,88.2,0
Bo Naylor,152,1624,9.4,30,26,20,5,5,0,0,0,6,20.0,4,13.3,20,79,.192,.246,.300,.347,.192,.359,.239,.316,2,89.7,88.4,20
Patrick Bailey,152,1787,8.5,38,36,33,10,6,2,0,2,3,7.9,2,5.3,9,77,.278,.339,.316,.374,.500,.619,.349,.420,3,89.4,90.8,16
Hunter Renfroe,152,1652,9.2,40,33,29,6,5,0,0,1,4,10.0,7,17.5,14,64,.182,.216,.325,.353,.273,.377,.282,.326,2,89.6,83.7,19
Austin Wells,152,1638,9.3,29,24,19,7,5,2,0,0,5,17.2,5,17.2,21,69,.292,.252,.414,.381,.375,.384,.357,.345,1,89.3,91.4,7
José Caballero,152,1894,8.0,50,48,33,15,11,3,0,1,15,30.0,2,4.0,28,90,.313,.275,.340,.304,.438,.375,.338,.298,3,89.2,85.0,12
Mark Canha,151,1946,7.8,38,33,26,13,8,5,0,0,8,21.1,4,10.5,21,72,.394,.237,.447,.319,.545,.350,.423,.301,1,89.1,85.9,3
Jonah Heim,149,1781,8.4,40,38,33,9,5,0,0,4,5,12.5,1,2.5,15,85,.237,.269,.275,.306,.553,.496,.350,.344,3,90.6,87.9,23
Blake Perkins,149,1734,8.6,35,33,24,10,8,1,0,1,9,25.7,2,5.7,15,66,.303,.246,.343,.289,.424,.361,.335,.283,2,89.4,87.1,6
Lawrence Butler,149,1815,8.2,42,40,34,16,9,2,0,5,6,14.3,2,4.8,16,71,.400,.397,.429,.426,.825,.801,.525,.513,7,90.3,93.2,15
Rowdy Tellez,149,1666,8.9,28,28,24,13,8,3,0,2,4,14.3,0,0.0,6,49,.464,.352,.464,.352,.786,.646,.533,.422,4,90.3,92.3,17
Eugenio Suárez,148,2542,5.8,34,32,24,11,4,4,0,3,8,23.5,2,5.9,22,71,.344,.229,.382,.274,.750,.446,.473,.310,3,89.5,86.6,18
Ceddanne Rafaela,147,2070,7.1,36,33,25,6,3,0,1,2,8,22.2,1,2.8,30,86,.182,.252,.250,.314,.424,.556,.291,.368,5,90.1,90.9,30
Michael Conforto,147,1965,7.5,34,32,27,9,3,2,0,4,5,14.7,2,5.9,14,68,.281,.327,.324,.366,.719,.681,.433,.439,4,89.0,90.1,26
Jeff McNeil,147,1711,8.6,36,34,31,8,3,3,0,2,3,8.3,2,5.6,9,79,.235,.231,.278,.274,.500,.347,.330,.272,3,89.8,87.4,18
Brandon Marsh,147,2007,7.3,42,37,27,11,4,4,1,2,10,23.8,5,11.9,18,67,.297,.352,.381,.429,.622,.653,.421,.457,4,89.9,94.3,10
J.D. Martinez,147,2052,7.2,29,27,19,5,2,2,0,1,8,27.6,2,6.9,24,73,.185,.226,.241,.280,.370,.581,.266,.358,4,89.7,94.7,28
Christian Yelich,147,1268,11.6,34,32,26,7,5,1,1,0,6,17.6,2,5.9,15,73,.219,.250,.265,.294,.313,.301,.254,.266,0,89.9,84.7,2
Richie Palacios,147,1281,11.5,30,25,20,6,5,0,0,1,6,20.0,3,10.0,17,62,.240,.208,.333,.322,.360,.277,.308,.290,1,90.1,85.2,25
Connor Wong,146,1865,7.8,41,40,36,14,7,4,1,2,5,12.2,0,0.0,20,82,.350,.301,.341,.308,.650,.532,.412,.374,5,89.6,92.5,21
Jake McCarthy,146,1786,8.2,39,38,31,10,7,2,0,1,7,17.9,1,2.6,16,79,.263,.277,.282,.296,.395,.412,.293,.305,1,89.1,84.9,16
Ryan Mountcastle,145,1901,7.6,27,26,23,6,3,2,0,1,4,14.8,0,0.0,21,83,.231,.328,.222,.334,.423,.485,.267,.359,1,89.6,91.4,12
Tyrone Taylor,144,1323,10.9,34,29,27,9,8,1,0,0,2,5.9,5,14.7,6,71,.310,.316,.412,.416,.345,.384,.346,.360,0,89.8,83.8,26
Isiah Kiner-Falefa,144,1710,8.4,47,44,41,11,9,1,1,0,3,6.4,3,6.4,10,74,.250,.252,.298,.300,.318,.389,.273,.301,1,88.7,85.3,0
Spencer Horwitz,143,1582,9.0,30,25,24,8,5,2,0,1,3,10.0,3,10.0,15,75,.320,.278,.367,.348,.520,.468,.368,.353,2,90.1,85.2,15
Luis García Jr.,143,1883,7.6,45,40,36,13,10,2,0,1,4,8.9,5,11.1,11,78,.325,.321,.400,.396,.450,.402,.374,.355,0,89.7,89.8,7
Keibert Ruiz,143,1659,8.6,34,30,26,4,3,0,0,1,4,11.8,3,8.8,7,74,.133,.243,.235,.332,.233,.329,.220,.301,1,89.8,86.2,20
Shea Langeliers,142,1993,7.1,38,33,27,7,4,1,0,2,6,15.8,5,13.2,24,72,.212,.288,.316,.381,.424,.451,.324,.364,3,89.4,88.2,24
Mark Vientos,142,1756,8.1,40,40,31,14,8,2,0,4,9,22.5,0,0.0,29,81,.350,.297,.350,.297,.700,.601,.444,.378,5,90.0,92.1,4
Tommy Pham,142,1923,7.4,32,25,24,8,5,1,0,2,2,6.3,5,15.6,10,56,.320,.298,.438,.421,.600,.522,.435,.401,1,88.9,87.8,19
Jorge Soler,141,2361,6.0,36,33,28,7,6,1,0,0,5,13.9,3,8.3,26,81,.212,.280,.278,.340,.242,.436,.239,.339,2,88.1,90.4,13
Zach Neto,141,2289,6.2,34,30,25,9,6,1,0,2,5,14.7,4,11.8,24,72,.300,.216,.382,.308,.533,.440,.394,.323,2,90.2,85.8,13
Mike Tauchman,141,1537,9.2,28,25,23,6,4,0,0,2,2,7.1,2,7.1,15,77,.240,.308,.321,.385,.480,.588,.347,.415,3,89.4,91.4,24
David Fry,141,1515,9.3,32,28,22,5,5,0,0,0,6,18.8,3,9.4,18,79,.179,.200,.281,.300,.179,.289,.225,.271,0,88.8,85.3,12
Paul DeJong,141,1851,7.6,35,35,26,13,5,4,0,4,9,25.7,0,0.0,21,81,.371,.288,.371,.288,.829,.567,.504,.360,3,89.8,91.3,22
LaMonte Wade Jr.,140,1639,8.5,20,18,15,5,3,2,0,0,3,15.0,2,10.0,8,49,.278,.276,.350,.348,.389,.435,.327,.341,2,88.9,89.9,20
Ryan Jeffers,140,1807,7.7,29,23,19,7,2,2,0,3,4,13.8,5,17.2,17,66,.304,.268,.448,.420,.783,.460,.503,.388,1,90.6,85.7,12
Seth Brown,140,1552,9.0,36,31,25,7,4,3,0,0,6,16.7,3,8.3,21,75,.226,.164,.333,.280,.323,.270,.300,.255,1,90.1,87.2,18
Jarred Kelenic,140,1758,8.0,29,27,21,10,7,0,0,3,6,20.7,2,6.9,21,71,.370,.241,.414,.293,.704,.404,.472,.301,1,89.3,90.1,28
Will Benson,139,1656,8.4,30,23,14,1,0,1,0,0,9,30.0,7,23.3,18,63,.043,.170,.267,.364,.087,.270,.203,.303,1,89.1,94.0,20
Josh Lowe,139,1672,8.3,38,34,17,5,1,2,0,2,17,44.7,4,10.5,37,87,.147,.171,.237,.258,.382,.395,.270,.283,3,89.9,92.2,19
Jacob Young,139,1955,7.1,31,28,20,11,11,0,0,0,8,25.8,2,6.5,10,60,.393,.262,.452,.333,.393,.292,.381,.287,0,88.9,87.1,6
Mitch Haniger,139,1758,7.9,32,25,14,6,3,1,0,2,11,34.4,7,21.9,21,60,.240,.247,.406,.412,.520,.523,.401,.403,4,89.6,99.2,20
Nick Castellanos,139,2344,5.9,43,41,36,9,6,0,0,3,5,11.6,2,4.7,22,87,.220,.330,.256,.361,.439,.621,.298,.413,4,89.1,88.1,14
Mookie Betts,138,2047,6.7,35,30,27,13,8,5,0,0,3,8.6,5,14.3,10,59,.433,.418,.514,.501,.600,.561,.479,.461,2,89.6,87.3,9
TJ Friedl,138,1286,10.7,35,31,30,10,6,0,1,3,1,2.9,4,11.4,3,64,.323,.211,.400,.304,.677,.344,.451,.290,2,89.3,88.4,27
Ty France,137,2028,6.8,41,36,25,7,3,1,0,3,11,26.8,4,9.8,23,74,.194,.196,.293,.294,.472,.467,.330,.326,3,88.9,89.6,12
Tyler Stephenson,137,1947,7.0,32,28,24,8,5,2,0,1,4,12.5,4,12.5,10,52,.286,.260,.375,.352,.464,.435,.366,.344,2,90.0,91.2,16
Mickey Moniak,137,1534,8.9,41,39,29,6,4,1,0,1,10,24.4,2,4.9,13,76,.154,.186,.195,.226,.256,.289,.200,.227,2,90.3,79.3,27
Christian Walker,136,2315,5.9,26,22,18,7,4,1,0,2,5,19.2,2,7.7,12,66,.318,.260,.385,.373,.636,.472,.422,.418,3,89.9,91.1,18
Alejandro Kirk,136,1495,9.1,28,27,25,6,5,0,0,1,2,7.1,1,3.6,5,54,.222,.257,.250,.284,.333,.416,.255,.300,1,88.9,88.2,13
Jon Singleton,136,1626,8.4,33,30,24,5,3,1,0,1,6,18.2,3,9.1,16,65,.167,.213,.242,.285,.300,.372,.243,.288,1,89.5,83.6,19
Wilyer Abreu,135,1806,7.5,30,28,21,8,3,5,0,0,7,23.3,2,6.7,13,60,.286,.234,.333,.285,.464,.350,.343,.280,1,90.6,94.4,32
Max Kepler,135,1498,9.0,33,31,28,9,5,3,0,1,4,12.1,1,3.0,19,71,.290,.185,.303,.208,.484,.308,.331,.227,2,90.1,86.5,34
Heliot Ramos,133,2011,6.6,28,26,24,7,5,1,0,1,3,10.7,1,3.6,15,70,.269,.279,.286,.320,.423,.564,.300,.379,3,88.9,90.5,20
Mike Yastrzemski,133,1955,6.8,30,27,22,8,5,1,0,2,5,16.7,3,10.0,14,62,.296,.375,.367,.437,.556,.534,.394,.421,2,89.0,88.0,18
Jake Cave,132,1345,9.8,36,34,28,11,8,2,1,0,6,16.7,2,5.6,10,61,.324,.257,.361,.298,.441,.356,.348,.287,1,89.7,85.5,9
Jake Meyers,132,1817,7.3,37,33,26,6,3,2,0,1,7,18.9,3,8.1,15,67,.182,.242,.270,.324,.333,.469,.270,.340,3,90.2,93.2,22
Kyle Isbel,132,1582,8.3,33,29,22,5,3,0,2,0,7,21.2,2,6.1,10,62,.172,.184,.273,.283,.310,.229,.262,.242,0,89.3,84.7,16
Giancarlo Stanton,131,1831,7.2,28,25,17,3,2,1,0,0,8,28.6,3,10.7,25,56,.120,.253,.214,.333,.160,.383,.182,.318,2,88.5,96.3,7
Nolan Jones,131,1301,10.1,23,21,16,5,4,1,0,0,5,21.7,2,8.7,10,54,.238,.199,.304,.269,.286,.271,.268,.244,1,89.7,85.7,22
Jose Miranda,128,1540,8.3,27,24,22,5,3,2,0,0,2,7.4,3,11.1,13,61,.208,.226,.296,.312,.292,.321,.267,.285,2,89.6,84.8,24
Geraldo Perdomo,128,1580,8.1,38,32,28,10,9,0,0,1,4,10.5,5,13.2,8,56,.313,.271,.421,.386,.406,.360,.372,.339,1,89.9,86.4,18
Adam Frazier,128,1211,10.6,23,20,16,6,4,2,0,0,4,17.4,2,8.7,15,65,.300,.370,.391,.452,.400,.416,.354,.390,0,89.6,83.9,14
Ha-Seong Kim,128,1982,6.5,29,25,24,8,3,4,0,1,1,3.4,4,13.8,4,49,.320,.318,.414,.412,.600,.432,.430,.373,1,89.3,87.4,23
Xander Bogaerts,127,1791,7.1,39,37,33,11,8,0,0,3,5,12.8,1,2.6,10,59,.297,.348,.308,.363,.541,.607,.356,.418,4,89.2,92.1,17
Joey Ortiz,126,2124,5.9,28,26,19,7,5,1,1,0,7,25.0,2,7.1,5,43,.269,.221,.321,.276,.385,.253,.308,.241,0,88.9,85.9,7
Ernie Clement,126,1449,8.7,39,39,37,7,3,3,0,1,2,5.1,0,0.0,7,74,.179,.243,.179,.243,.333,.432,.217,.287,3,89.2,83.2,18
Jesús Sánchez,126,1991,6.3,28,27,23,8,4,3,0,1,4,14.3,1,3.6,14,62,.296,.283,.321,.308,.519,.475,.358,.334,3,90.4,91.9,12
Trent Grisham,126,854,14.8,27,21,17,6,1,4,0,1,5,18.5,4,14.8,6,40,.286,.220,.407,.359,.619,.368,.423,.329,1,90.1,91.2,25
Leody Taveras,126,2008,6.3,29,24,23,13,7,1,1,4,1,3.4,5,17.2,5,58,.542,.408,.621,.510,1.167,.864,.712,.562,4,90.4,97.6,15
Connor Joe,124,1651,7.5,30,24,21,7,5,2,0,0,4,13.3,5,16.7,10,54,.292,.298,.400,.409,.375,.371,.345,.353,0,90.0,91.6,13
Jared Triolo,124,1764,7.0,31,29,23,7,4,2,1,0,6,19.4,2,6.5,16,68,.241,.268,.290,.316,.379,.372,.290,.300,1,89.1,87.7,15
Dominic Smith,124,1211,10.2,33,30,26,13,8,3,0,2,4,12.1,3,9.1,14,56,.433,.280,.485,.346,.733,.486,.515,.357,3,89.4,87.3,13
David Hamilton,122,1190,10.3,31,27,23,6,5,1,0,0,4,12.9,4,12.9,6,50,.222,.340,.323,.425,.259,.520,.272,.409,2,90.4,94.1,13
Dylan Moore,121,1804,6.7,29,25,20,7,2,4,0,1,6,20.7,2,6.9,11,61,.280,.353,.345,.423,.560,.502,.377,.412,3,89.3,91.5,12
Parker Meadows,121,1214,10.0,28,24,19,3,2,1,0,0,5,17.9,4,14.3,11,52,.125,.156,.250,.276,.167,.194,.206,.227,0,89.7,85.9,25
Jordan Westburg,120,1634,7.3,36,34,28,12,8,3,0,1,6,16.7,2,5.6,24,69,.353,.289,.389,.329,.529,.432,.396,.328,2,89.5,87.6,12
Gio Urshela,120,1693,7.1,27,26,21,9,8,1,0,0,5,18.5,1,3.7,20,70,.346,.296,.370,.322,.385,.369,.333,.302,0,90.1,88.3,8
Jake Fraley,120,1331,9.0,34,33,30,10,7,1,1,1,3,8.8,1,2.9,8,67,.303,.312,.324,.333,.485,.426,.346,.329,1,89.8,86.0,21
Joey Loperfido,120,1003,12.0,29,27,20,7,6,1,0,0,7,24.1,2,6.9,20,66,.259,.247,.310,.299,.296,.349,.273,.286,0,89.9,87.9,18
Max Schuemann,120,1835,6.5,24,22,18,6,3,2,0,1,4,16.7,2,8.3,17,53,.273,.302,.333,.360,.500,.493,.358,.368,2,88.9,92.1,14
Oswaldo Cabrera,120,1267,9.5,39,37,34,10,9,0,0,1,3,7.7,1,2.6,9,66,.270,.323,.308,.358,.351,.425,.292,.342,2,89.5,91.7,6
Freddy Fermin,119,1434,8.3,28,27,22,9,3,5,0,1,5,17.9,1,3.6,10,62,.333,.299,.357,.324,.630,.466,.416,.340,1,89.4,91.7,11
Mitch Garver,118,1815,6.5,27,22,18,3,0,1,0,2,4,14.8,5,18.5,12,46,.136,.168,.296,.322,.455,.419,.326,.326,2,89.0,86.8,7
Luis Rengifo,118,1084,10.9,33,31,26,5,5,0,0,0,5,15.2,1,3.0,17,74,.161,.233,.212,.280,.161,.271,.176,.248,0,89.9,76.7,7
Lourdes Gurriel Jr.,118,2083,5.7,29,28,25,11,7,2,0,2,3,10.3,1,3.4,7,59,.393,.365,.414,.387,.679,.614,.464,.426,2,89.4,89.6,9
Logan O'Hoppe,118,1983,6.0,25,23,14,7,5,1,0,1,9,36.0,1,4.0,23,61,.304,.295,.360,.351,.478,.499,.365,.367,1,89.9,95.8,13
Yainer Diaz,117,2128,5.5,34,30,28,10,5,2,1,2,3,8.8,3,8.8,21,77,.333,.360,.382,.411,.667,.748,.432,.480,4,89.1,93.0,19
Spencer Torkelson,116,1593,7.3,26,25,21,7,6,0,0,1,4,15.4,1,3.8,9,55,.280,.230,.308,.259,.400,.368,.309,.271,1,88.4,89.1,30
Starling Marte,116,1417,8.2,25,23,20,7,5,2,0,0,3,12.0,2,8.0,23,58,.304,.317,.360,.371,.391,.452,.332,.359,1,89.2,91.8,-2
Michael Harris II,116,1685,6.9,32,30,28,7,4,1,0,2,3,9.4,1,3.1,15,72,.233,.306,.250,.333,.467,.479,.299,.355,2,89.9,86.9,20
Michael Siani,116,1289,9.0,26,25,21,5,5,0,0,0,4,15.4,1,3.8,8,42,.200,.211,.231,.242,.200,.280,.196,.230,1,89.9,84.0,1
Jack Suwinski,115,1114,10.3,18,17,14,2,2,0,0,0,3,16.7,1,5.6,9,58,.118,.203,.167,.247,.118,.229,.136,.218,0,89.4,87.2,15
Jake Bauers,115,1512,7.6,26,23,17,6,4,0,0,2,6,23.1,3,11.5,16,63,.261,.269,.346,.353,.522,.635,.373,.413,2,89.6,89.0,37
Harrison Bader,115,1647,7.0,38,36,32,13,8,1,0,4,4,10.5,2,5.3,15,64,.361,.383,.395,.415,.722,.712,.471,.476,4,89.7,92.4,7
Jonny DeLuca,114,1345,8.5,31,29,26,2,2,0,0,0,3,9.7,2,6.5,9,59,.069,.213,.129,.263,.069,.383,.101,.279,3,89.6,84.1,22
Pete Crow-Armstrong,113,1421,8.0,37,35,29,13,9,2,2,0,6,16.2,2,5.4,16,74,.371,.260,.405,.300,.543,.339,.405,.283,0,89.5,88.3,15
Francisco Alvarez,113,1331,8.5,24,20,18,10,6,3,0,1,2,8.3,4,16.7,9,42,.500,.334,.583,.445,.800,.541,.577,.423,1,89.1,97.0,-2
Ben Rortvedt,113,1357,8.3,28,27,19,5,4,1,0,0,8,28.6,0,0.0,13,56,.185,.188,.214,.217,.222,.215,.196,.197,0,90.0,86.0,7
Fernando Tatis Jr.,113,1551,7.3,22,20,14,4,2,1,0,1,6,27.3,1,4.5,16,56,.200,.266,.273,.333,.400,.478,.294,.350,1,88.6,93.0,10
Jose Siri,112,1788,6.3,31,31,18,4,3,1,0,0,13,41.9,0,0.0,33,60,.129,.155,.129,.155,.161,.291,.126,.187,1,89.7,91.4,20
Anthony Rizzo,112,1432,7.8,30,27,23,9,5,3,0,1,4,13.3,2,6.7,5,49,.333,.263,.400,.337,.556,.392,.411,.322,1,89.0,89.0,15
Nick Gonzales,112,1371,8.2,33,31,29,10,8,1,0,1,2,6.1,2,6.1,15,72,.323,.283,.364,.326,.452,.429,.356,.327,1,89.4,86.4,17
Enrique Hernández,112,1518,7.4,25,25,19,6,4,0,0,2,6,24.0,0,0.0,11,50,.240,.180,.240,.180,.480,.283,.305,.196,2,89.6,88.8,17
Santiago Espinal,111,1505,7.4,27,26,25,9,8,0,0,1,1,3.7,1,3.7,6,53,.346,.319,.370,.344,.462,.408,.363,.329,0,89.7,81.6,6
Brandon Lowe,111,1624,6.8,33,31,21,8,4,0,1,3,10,30.3,2,6.1,21,65,.258,.311,.303,.353,.613,.575,.383,.393,3,90.1,88.4,11
Andy Pages,110,1719,6.4,22,20,17,7,5,0,1,1,3,13.6,2,9.1,15,57,.350,.286,.409,.351,.600,.489,.428,.361,2,90.6,90.2,17
Vidal Bruján,110,1055,10.4,29,29,21,5,2,1,0,2,8,27.6,0,0.0,19,58,.172,.213,.172,.213,.414,.380,.245,.250,2,89.7,84.9,9
Xavier Edwards,110,1185,9.3,30,29,26,10,6,2,2,0,4,13.3,0,0.0,13,65,.345,.222,.333,.219,.552,.277,.366,.212,0,89.5,89.7,6
Carlos Correa,109,1375,7.9,25,23,20,7,5,2,0,0,5,20.0,0,0.0,10,50,.304,.322,.280,.300,.391,.515,.277,.332,1,91.5,94.5,8
Lars Nootbaar,109,1659,6.6,33,28,27,10,8,1,0,1,2,6.1,4,12.1,7,43,.357,.363,.424,.429,.500,.611,.397,.434,4,89.2,96.7,8
Kyle Tucker,109,1349,8.1,25,22,13,3,2,0,0,1,9,36.0,3,12.0,12,44,.136,.215,.240,.309,.273,.317,.235,.284,0,89.4,90.1,14
Korey Lee,108,1429,7.6,24,24,18,7,6,0,0,1,6,25.0,0,0.0,20,57,.292,.261,.292,.261,.417,.475,.306,.311,2,89.3,85.9,20
Eddie Rosario,108,1187,9.1,27,23,16,5,3,1,0,1,8,29.6,3,11.1,15,49,.217,.202,.296,.287,.391,.374,.297,.289,2,89.0,95.7,6
Ben Rice,108,724,14.9,30,25,18,5,1,1,0,3,8,26.7,4,13.3,14,57,.200,.268,.300,.360,.600,.696,.368,.429,4,89.9,91.9,20
Michael Massey,107,1330,8.0,23,22,22,6,4,1,0,1,1,4.3,0,0.0,6,59,.273,.311,.261,.307,.455,.529,.297,.349,1,89.6,92.0,19
Dylan Carlson,107,1110,9.6,26,22,18,2,2,0,0,0,5,19.2,3,11.5,15,60,.091,.182,.192,.272,.091,.232,.147,.238,0,90.4,82.8,13
Matt Wallner,107,1030,10.4,22,18,13,8,6,1,0,1,5,22.7,2,9.1,15,42,.444,.398,.545,.508,.667,.718,.519,.515,3,90.0,88.9,18
Zach McKinstry,107,1249,8.6,25,23,19,8,6,1,0,1,4,16.0,2,8.0,8,51,.348,.313,.400,.368,.522,.442,.399,.355,1,90.2,83.5,22
Zack Gelof,106,2055,5.2,26,23,19,6,5,1,0,0,5,19.2,2,7.7,20,53,.261,.285,.308,.333,.304,.457,.271,.339,1,88.9,91.5,22
Royce Lewis,106,1233,8.6,25,20,14,2,1,0,0,1,6,24.0,5,20.0,14,44,.100,.216,.280,.373,.250,.438,.255,.357,2,90.5,92.5,18
Tyler Freeman,106,1381,7.7,25,19,17,5,4,1,0,0,2,8.0,6,24.0,5,43,.263,.321,.440,.484,.316,.414,.357,.406,0,89.2,90.7,10
Edouard Julien,106,1235,8.6,25,23,14,3,3,0,0,0,9,36.0,2,8.0,17,42,.130,.184,.200,.249,.130,.204,.161,.210,0,90.5,81.8,4
Luis Robert Jr.,105,1609,6.5,18,16,9,2,1,1,0,0,7,38.9,2,11.1,26,55,.125,.110,.222,.209,.188,.278,.195,.219,1,89.2,85.7,28
Brandon Drury,105,1397,7.5,30,26,22,6,4,2,0,0,6,20.0,2,6.7,14,54,.231,.151,.267,.233,.308,.206,.247,.223,0,90.4,85.4,7
Kyle Higashioka,105,1062,9.9,21,19,15,4,3,0,0,1,4,19.0,2,9.5,9,41,.211,.235,.286,.307,.368,.376,.289,.301,1,89.8,81.1,20
Otto Lopez,104,1545,6.7,26,25,23,8,6,2,0,0,2,7.7,0,0.0,5,52,.320,.292,.320,.292,.400,.386,.312,.297,1,89.6,89.0,1
Amed Rosario,104,1210,8.6,33,32,27,10,5,3,2,0,5,15.2,1,3.0,16,59,.313,.294,.333,.316,.531,.430,.365,.323,1,88.8,90.0,12
Jason Heyward,104,1024,10.2,22,18,18,5,3,0,1,1,1,4.5,1,4.5,8,45,.278,.253,.364,.352,.556,.345,.382,.316,0,90.0,86.2,20
Mauricio Dubón,104,1450,7.2,28,27,22,5,5,0,0,0,5,17.9,1,3.6,21,74,.185,.303,.214,.328,.185,.398,.182,.316,0,89.7,88.4,12
Jake Rogers,104,1258,8.3,26,25,18,4,2,1,0,1,7,26.9,1,3.8,15,48,.160,.206,.192,.236,.320,.394,.221,.269,1,89.3,89.1,12
Kerry Carpenter,103,1131,9.1,28,26,21,9,4,4,1,0,5,17.9,1,3.6,17,58,.346,.353,.370,.377,.577,.493,.401,.377,2,90.2,90.5,17
Jo Adell,103,1840,5.6,29,27,24,10,7,2,0,1,3,10.3,2,6.9,16,62,.370,.246,.414,.298,.556,.406,.418,.306,2,90.0,89.6,23
Jonah Bride,102,1157,8.8,27,20,19,8,6,1,0,1,3,11.1,5,18.5,4,38,.400,.322,.481,.436,.600,.423,.446,.385,0,89.3,86.9,24
Danny Jansen,102,1376,7.4,24,23,19,5,3,1,0,1,4,16.7,1,4.2,11,44,.217,.222,.250,.254,.391,.423,.277,.290,2,90.2,90.2,27
Nolan Gorman,102,1596,6.4,34,31,25,9,5,1,0,3,6,17.6,3,8.8,24,63,.290,.343,.353,.401,.613,.687,.408,.458,5,89.2,89.8,27
Robbie Grossman,102,1031,9.9,22,17,13,6,4,2,0,0,4,18.2,5,22.7,11,42,.353,.277,.500,.441,.471,.369,.431,.370,0,89.1,89.3,19
Kevin Kiermaier,101,1020,9.9,22,20,17,3,0,2,0,1,4,18.2,1,4.5,17,58,.150,.217,.182,.269,.400,.347,.239,.278,0,89.3,88.2,20
Joey Bart,101,1127,9.0,24,23,19,5,3,0,0,2,4,16.7,1,4.2,10,44,.217,.262,.250,.293,.478,.548,.310,.355,2,89.6,90.5,19
Gabriel Moreno,99,1532,6.5,17,14,13,5,3,1,1,0,2,11.8,2,11.8,6,32,.357,.305,.412,.374,.571,.449,.404,.352,1,89.1,88.7,16
Ke'Bryan Hayes,99,1470,6.7,32,30,27,6,6,0,0,0,4,12.5,0,0.0,10,51,.200,.279,.219,.300,.200,.373,.188,.297,0,89.0,86.1,7
Lenyn Sosa,99,1377,7.2,28,28,25,10,7,3,0,0,3,10.7,0,0.0,8,57,.357,.367,.357,.367,.464,.571,.355,.399,3,89.2,90.9,13
Cavan Biggio,98,955,10.3,18,17,12,3,3,0,0,0,5,27.8,0,0.0,5,45,.176,.192,.222,.237,.176,.227,.187,.213,0,89.6,80.8,14
Tyler Nevin,98,1090,9.0,17,15,14,4,4,0,0,0,1,5.9,1,5.9,8,43,.267,.245,.353,.334,.267,.414,.290,.329,2,89.4,85.5,2
J.T. Realmuto,97,1583,6.1,22,20,15,3,2,1,0,0,5,22.7,2,9.1,14,46,.150,.187,.227,.261,.200,.248,.200,.230,0,89.0,85.1,6
Willie Calhoun,95,958,9.9,21,20,19,4,2,2,0,0,1,4.8,1,4.8,2,46,.200,.288,.238,.322,.300,.389,.236,.310,1,90.1,86.1,9
Abraham Toro,95,1394,6.8,24,22,21,5,2,3,0,0,1,4.2,2,8.3,4,46,.227,.281,.292,.341,.364,.373,.288,.316,0,89.5,87.8,13
Taylor Walls,95,1028,9.2,26,22,19,6,5,1,0,0,3,11.5,4,15.4,5,44,.273,.295,.385,.403,.318,.368,.324,.351,0,89.3,84.5,25
Carson Kelly,94,1173,8.0,24,23,19,1,0,1,0,0,5,20.8,0,0.0,12,51,.043,.137,.042,.146,.087,.274,.052,.185,1,90.0,89.9,17
Emmanuel Rivera,93,1151,8.1,24,24,17,5,3,1,1,0,7,29.2,0,0.0,12,46,.208,.231,.208,.231,.333,.332,.229,.241,1,89.1,92.6,11
Tyler Fitzgerald,93,1330,7.0,22,21,17,7,5,1,0,1,4,18.2,1,4.5,13,48,.333,.304,.364,.336,.524,.398,.382,.322,0,87.8,82.9,23
James Wood,93,1404,6.6,25,21,18,7,5,1,0,1,3,12.0,3,12.0,9,37,.333,.274,.440,.391,.524,.451,.420,.371,1,88.5,94.5,6
David Peralta,92,1014,9.1,17,14,13,5,4,0,0,1,1,5.9,3,17.6,6,45,.357,.261,.471,.391,.571,.475,.450,.378,2,90.1,83.8,10
Adam Duvall,92,1252,7.3,20,18,13,4,2,1,0,1,5,25.0,1,5.0,11,46,.222,.118,.300,.206,.444,.312,.324,.231,1,89.5,85.4,35
Elias Díaz,91,1323,6.9,19,18,16,6,5,1,0,0,2,10.5,1,5.3,8,45,.333,.255,.368,.299,.389,.354,.334,.287,0,89.0,87.7,14
Byron Buxton,91,1458,6.2,26,25,18,6,3,1,1,1,7,26.9,1,3.8,16,48,.240,.325,.269,.351,.480,.645,.316,.418,3,89.9,92.6,11
Bo Bichette,90,1186,7.6,22,21,20,5,4,1,0,0,1,4.5,1,4.5,6,55,.238,.339,.273,.369,.286,.445,.249,.352,0,89.5,87.3,8
Nelson Velázquez,89,903,9.9,25,21,16,5,3,0,0,2,5,20.0,4,16.0,21,48,.238,.222,.360,.347,.524,.515,.380,.367,2,88.9,88.8,31
Victor Robles,89,1020,8.7,20,18,17,7,5,2,0,0,1,5.0,1,5.0,12,48,.389,.323,.450,.390,.500,.378,.416,.346,0,88.8,81.6,7
Nick Gordon,89,1008,8.8,24,21,21,6,4,0,0,2,0,0.0,2,8.3,9,53,.286,.222,.375,.319,.571,.287,.405,.280,0,89.8,82.1,14
Miguel Amaya,88,1291,6.8,23,22,20,6,4,1,0,1,2,8.7,1,4.3,10,43,.273,.301,.304,.331,.455,.417,.327,.325,1,89.0,82.8,6
Miguel Vargas,88,1009,8.7,17,13,11,3,3,0,0,0,2,11.8,4,23.5,8,46,.231,.304,.412,.468,.231,.374,.318,.387,0,89.4,81.8,6
DJ LeMahieu,88,845,10.4,25,22,19,3,2,1,0,0,3,12.0,3,12.0,9,39,.136,.301,.240,.385,.182,.484,.203,.377,2,90.3,93.2,1
Willson Contreras,88,1382,6.4,28,26,21,5,4,0,0,1,5,17.9,2,7.1,10,48,.192,.317,.250,.366,.308,.508,.248,.375,2,89.6,95.2,14
Christian Vázquez,87,1141,7.6,22,22,18,4,4,0,0,0,4,18.2,0,0.0,7,46,.182,.270,.182,.270,.182,.389,.160,.282,1,89.7,88.2,13
Rob Refsnyder,86,1202,7.2,22,21,18,7,4,3,0,0,3,13.6,1,4.5,11,44,.333,.285,.364,.317,.476,.458,.363,.331,1,89.9,89.1,14
Nick Fortes,85,1154,7.4,26,26,26,2,1,1,0,0,0,0.0,0,0.0,1,48,.077,.174,.077,.174,.115,.242,.082,.179,0,90.1,83.1,21
Will Brennan,85,1230,6.9,20,17,14,4,3,1,0,0,3,15.0,3,15.0,8,37,.235,.331,.350,.431,.294,.448,.298,.389,1,89.4,84.2,20
Ildemaro Vargas,85,1058,8.0,19,18,17,5,1,3,0,1,1,5.3,1,5.3,4,39,.278,.297,.316,.334,.611,.441,.389,.335,1,90.0,91.5,10
Triston Casas,85,991,8.6,19,17,10,6,5,0,0,1,7,36.8,2,10.5,8,31,.353,.280,.421,.356,.529,.488,.412,.365,1,90.6,95.0,9
Travis d'Arnaud,85,1353,6.3,18,15,13,2,1,0,0,1,2,11.1,2,11.1,14,46,.133,.340,.278,.450,.333,.699,.279,.481,2,88.8,94.8,15
Miguel Rojas,85,1211,7.0,28,26,26,9,4,5,0,0,0,0.0,2,7.1,2,42,.346,.355,.393,.401,.538,.454,.399,.375,0,89.9,83.6,12
Johan Rojas,84,1329,6.3,19,19,14,2,1,1,0,0,5,26.3,0,0.0,15,40,.105,.184,.105,.184,.158,.219,.112,.175,0,88.9,89.9,2
Wilmer Flores,82,964,8.5,20,17,16,3,0,2,0,1,2,10.0,2,10.0,4,38,.176,.180,.250,.274,.471,.386,.297,.299,1,89.0,77.8,17
Kyle Farmer,82,882,9.3,24,23,20,4,3,0,0,1,3,12.5,1,4.2,10,45,.174,.281,.208,.310,.304,.454,.224,.327,1,89.7,88.7,19
Ramón Laureano,81,1180,6.9,21,18,11,6,5,0,0,1,7,33.3,2,9.5,20,49,.333,.335,.429,.430,.500,.542,.407,.419,2,89.0,91.4,8
Thairo Estrada,81,1309,6.2,27,27,25,8,3,3,1,1,2,7.4,0,0.0,6,50,.296,.290,.296,.290,.593,.477,.372,.325,2,87.6,88.8,18
Jacob Stallings,80,1073,7.5,21,20,17,6,4,2,0,0,3,14.3,1,4.8,10,43,.300,.298,.333,.332,.400,.389,.320,.317,0,89.8,81.3,11
Joey Meneses,80,1142,7.0,26,25,18,6,6,0,0,0,7,26.9,1,3.8,11,38,.240,.235,.269,.265,.240,.304,.230,.252,1,90.1,86.0,16
Victor Caratini,80,1039,7.7,20,18,17,10,7,3,0,0,1,5.0,2,10.0,10,41,.556,.409,.600,.468,.722,.502,.566,.423,0,89.7,91.0,6
Luis Campusano,79,1025,7.7,17,15,14,2,1,0,0,1,1,5.9,2,11.8,12,36,.133,.202,.235,.302,.333,.330,.254,.283,1,88.8,90.5,4
Ramón Urías,78,1150,6.8,20,18,17,7,6,0,0,1,1,5.0,2,10.0,8,40,.389,.265,.450,.339,.556,.454,.436,.344,1,90.4,89.5,27
Tim Anderson,78,945,8.3,18,18,13,5,5,0,0,0,5,27.8,0,0.0,14,43,.278,.247,.278,.247,.278,.298,.245,.237,0,88.8,78.5,-7
Dominic Fletcher,78,900,8.7,21,21,16,3,2,1,0,0,5,23.8,0,0.0,7,37,.143,.223,.143,.223,.190,.254,.144,.208,0,90.5,82.7,14
Austin Slater,77,882,8.7,17,15,11,5,5,0,0,0,4,23.5,2,11.8,8,32,.333,.276,.412,.361,.333,.323,.340,.309,0,87.5,86.9,9
Whit Merrifield,76,1330,5.7,14,12,12,6,4,1,1,0,0,0.0,2,14.3,6,28,.500,.405,.571,.490,.750,.469,.554,.425,0,89.0,84.2,6
Iván Herrera,75,1036,7.2,18,17,17,4,3,0,1,0,0,0.0,1,5.6,3,30,.235,.369,.278,.404,.353,.539,.274,.408,2,88.6,92.1,1
Jorge Mateo,75,820,9.1,22,20,17,8,5,2,0,1,3,13.6,2,9.1,8,43,.400,.326,.455,.388,.650,.528,.470,.393,1,88.8,92.1,5
Manuel Margot,75,1308,5.7,21,20,19,2,1,0,0,1,1,4.8,1,4.8,7,37,.100,.270,.143,.305,.250,.385,.172,.301,1,89.9,84.6,27
Chris Taylor,75,1046,7.2,18,17,11,4,3,1,0,0,6,33.3,1,5.6,10,36,.235,.206,.278,.250,.294,.269,.255,.231,0,90.1,87.1,25
Max Muncy,75,1208,6.2,20,14,14,3,1,2,0,0,1,5.0,5,25.0,3,36,.214,.309,.400,.467,.357,.465,.342,.406,0,90.3,88.7,25
Kyle Stowers,74,819,9.0,17,15,13,3,1,1,0,1,3,17.6,1,5.9,11,40,.200,.305,.235,.364,.467,.592,.287,.434,3,89.9,92.4,23
Yasmani Grandal,74,952,7.8,17,16,12,4,3,1,0,0,4,23.5,1,5.9,7,31,.250,.242,.294,.286,.313,.300,.270,.263,0,88.7,88.8,18
Gary Sánchez,74,1158,6.4,12,11,11,3,2,0,0,1,0,0.0,1,8.3,8,30,.273,.329,.333,.385,.545,.539,.375,.396,0,89.4,86.6,15
Addison Barger,74,859,8.6,19,16,12,6,4,1,0,1,4,21.1,3,15.8,13,40,.375,.288,.474,.401,.625,.525,.468,.399,2,89.7,82.3,26
Anthony Rendon,74,977,7.6,13,11,10,3,2,1,0,0,2,15.4,1,7.7,3,26,.273,.169,.308,.225,.364,.235,.285,.207,0,90.1,84.9,24
Randal Grichuk,74,1088,6.8,15,15,14,3,2,1,0,0,1,6.7,0,0.0,6,36,.200,.276,.200,.276,.267,.445,.201,.305,1,88.5,92.9,3
Garrett Hampson,74,883,8.4,16,13,10,5,2,3,0,0,4,25.0,2,12.5,9,36,.385,.380,.438,.435,.615,.498,.432,.398,1,90.0,88.8,21
Jonathan Aranda,74,573,12.9,19,15,13,5,3,1,0,1,2,10.5,3,15.8,11,36,.333,.491,.474,.598,.600,1.187,.460,.697,6,91.0,98.5,13
Daniel Schneemann,74,901,8.2,13,10,6,3,3,0,0,0,4,30.8,3,23.1,10,29,.300,.201,.462,.385,.300,.248,.363,.308,0,88.9,83.0,19
Justyn-Henry Malloy,74,992,7.5,16,12,6,1,0,0,0,1,7,43.8,2,12.5,15,29,.083,.098,.250,.265,.333,.241,.259,.240,1,90.0,85.2,17
Luis Guillorme,73,802,9.1,12,9,9,4,3,1,0,0,0,0.0,3,25.0,4,26,.444,.295,.583,.471,.556,.320,.497,.374,0,90.0,75.5,1
Noelvi Marte,73,882,8.3,20,19,17,2,1,1,0,0,2,10.0,1,5.0,10,39,.105,.189,.150,.229,.158,.359,.141,.254,0,88.3,91.7,23
Donovan Solano,72,1273,5.7,12,11,9,2,2,0,0,0,2,16.7,1,8.3,11,34,.182,.193,.250,.260,.182,.322,.204,.258,1,89.0,81.8,21
DJ Stewart,72,765,9.4,17,16,15,5,3,1,0,1,1,5.9,1,5.9,6,29,.313,.243,.353,.288,.563,.447,.390,.314,1,89.7,85.7,22
Sean Murphy,71,1065,6.7,18,16,11,1,1,0,0,0,5,27.8,2,11.1,10,30,.063,.144,.167,.239,.063,.166,.126,.196,0,89.0,87.8,1
Chas McCormick,71,1010,7.0,17,17,13,3,2,0,0,1,4,23.5,0,0.0,16,37,.176,.211,.176,.211,.353,.436,.224,.271,1,90.1,87.2,11
Eloy Jiménez,70,1201,5.8,20,18,18,4,3,0,0,1,1,5.0,1,5.0,5,34,.222,.329,.250,.347,.389,.581,.269,.381,3,88.9,96.0,16
Nick Senzel,70,1005,7.0,21,18,14,4,4,0,0,0,4,19.0,3,14.3,6,36,.222,.191,.333,.306,.222,.266,.266,.267,0,89.4,75.2,12
Miguel Andujar,70,1176,6.0,24,23,22,6,5,0,0,1,1,4.2,1,4.2,7,38,.261,.252,.292,.283,.391,.369,.298,.283,1,88.5,82.5,18
Nick Martini,69,625,11.0,17,15,12,2,0,0,0,2,3,17.6,2,11.8,12,36,.133,.240,.235,.330,.533,.534,.322,.367,2,89.4,86.5,11
Alex Kirilloff,68,677,10.0,15,15,12,2,2,0,0,0,3,20.0,0,0.0,10,41,.133,.213,.133,.213,.133,.299,.118,.216,0,90.6,88.1,4
Stuart Fairchild,68,853,8.0,18,17,15,3,2,0,0,1,2,11.1,1,5.6,10,36,.176,.315,.222,.353,.353,.561,.250,.386,2,89.4,82.2,23
Enmanuel Valdez,68,919,7.4,19,17,13,4,3,1,0,0,5,26.3,1,5.3,9,32,.235,.191,.263,.224,.294,.330,.242,.233,1,90.9,91.9,19
Matt Carpenter,68,669,10.2,16,14,11,4,3,0,0,1,3,18.8,2,12.5,11,33,.286,.186,.375,.287,.500,.380,.380,.296,1,90.5,79.0,29
Andy Ibáñez,68,917,7.4,12,12,10,2,1,1,0,0,2,16.7,0,0.0,9,29,.167,.260,.167,.260,.250,.359,.178,.265,0,88.9,95.0,10
Kevin Newman,68,1070,6.4,24,24,20,9,6,3,0,0,4,16.7,0,0.0,7,42,.375,.364,.375,.364,.500,.417,.377,.340,0,89.0,87.6,12
Romy Gonzalez,67,826,8.1,17,14,12,3,1,1,0,1,3,17.6,1,5.9,6,35,.214,.226,.294,.335,.500,.573,.329,.388,3,89.6,90.6,14
Leo Jiménez,67,847,7.9,17,15,10,2,2,0,0,0,5,29.4,1,5.9,6,28,.133,.168,.235,.266,.133,.272,.187,.248,1,87.7,91.2,25
Brett Wisely,67,988,6.8,16,16,13,2,1,1,0,0,3,18.8,0,0.0,10,41,.125,.173,.125,.173,.188,.309,.134,.203,1,89.5,83.4,15
Edmundo Sosa,66,1050,6.3,13,13,10,2,1,0,0,1,3,23.1,0,0.0,10,33,.154,.276,.154,.276,.385,.661,.225,.388,2,89.6,95.3,12
Jose Trevino,65,896,7.3,23,22,20,10,6,0,0,4,2,8.7,1,4.3,5,30,.455,.323,.478,.352,1.000,.685,.616,.436,4,89.5,87.1,4
Jackson Holliday,65,826,7.9,18,18,13,3,2,0,0,1,5,27.8,0,0.0,14,35,.167,.183,.167,.183,.333,.309,.212,.211,1,90.7,87.8,6
Ronald Acuña Jr.,64,905,7.1,13,13,11,2,2,0,0,0,2,15.4,0,0.0,9,28,.154,.242,.154,.242,.154,.349,.136,.253,1,89.3,85.3,6
Jose Iglesias,64,1075,6.0,16,15,15,4,4,0,0,0,0,0.0,0,0.0,3,30,.267,.281,.313,.326,.267,.318,.265,.291,0,88.8,80.3,3
Luke Maile,64,637,10.0,12,10,5,0,0,0,0,0,5,41.7,1,8.3,12,27,.000,.115,.167,.263,.000,.178,.117,.223,0,88.6,87.8,10
Edward Olivares,63,768,8.2,13,11,10,3,2,0,0,1,1,7.7,2,15.4,9,37,.273,.321,.385,.425,.545,.612,.399,.439,1,89.3,93.0,-12
Matt Thaiss,62,754,8.2,15,13,9,3,0,3,0,0,4,26.7,2,13.3,16,40,.231,.268,.333,.365,.462,.503,.343,.376,1,90.7,88.4,13
Angel Martínez,62,677,9.2,10,9,8,1,1,0,0,0,1,10.0,1,10.0,7,35,.111,.123,.200,.211,.111,.171,.157,.184,0,88.9,80.4,25
James McCann,62,875,7.1,14,14,11,1,1,0,0,0,3,21.4,0,0.0,10,31,.071,.270,.071,.270,.071,.373,.063,.275,0,89.2,87.1,18
Garrett Stubbs,62,746,8.3,17,13,10,4,3,1,0,0,3,17.6,4,23.5,8,31,.308,.287,.471,.455,.385,.389,.392,.386,0,90.6,86.9,26
Michael A. Taylor,61,1202,5.1,13,13,12,3,3,0,0,0,1,7.7,0,0.0,9,33,.231,.290,.231,.290,.231,.346,.203,.278,0,89.3,81.4,-7
Garrett Mitchell,61,891,6.8,8,8,5,4,3,1,0,0,3,37.5,0,0.0,5,21,.500,.469,.500,.469,.625,.561,.487,.445,0,89.5,97.4,12
Mike Trout,61,574,10.6,9,8,6,1,0,0,0,1,2,22.2,1,11.1,5,24,.125,.245,.222,.329,.500,.792,.304,.452,2,90.9,99.0,36
Joey Gallo,61,1075,5.7,16,11,10,4,0,1,0,3,1,6.3,4,25.0,5,28,.364,.339,.563,.545,1.273,1.068,.680,.612,4,89.7,95.7,34
Brett Baty,60,676,8.9,18,18,13,4,3,1,0,0,5,27.8,0,0.0,4,27,.222,.211,.222,.211,.278,.311,.217,.223,1,90.7,87.4,9
Dominic Canzone,59,696,8.5,12,11,8,3,2,0,0,1,3,25.0,1,8.3,7,27,.273,.325,.333,.381,.545,.627,.375,.426,1,89.3,88.9,-1
Elehuris Montero,59,923,6.4,11,10,10,2,2,0,0,0,0,0.0,1,9.1,6,27,.200,.226,.273,.297,.200,.542,.223,.353,2,89.1,92.8,29
Nick Ahmed,58,851,6.8,16,16,11,2,1,1,0,0,5,31.3,0,0.0,14,39,.125,.114,.125,.114,.188,.152,.134,.114,0,87.7,83.1,22
Austin Martin,58,934,6.2,13,12,8,3,1,2,0,0,4,30.8,1,7.7,6,24,.250,.193,.308,.255,.417,.365,.314,.269,1,88.8,84.2,18
Trey Lipscomb,58,780,7.4,13,12,11,3,3,0,0,0,1,7.7,1,7.7,2,28,.250,.326,.308,.378,.250,.368,.256,.334,0,88.5,86.6,-6
Hunter Goodman,58,828,7.0,8,7,6,0,0,0,0,0,1,12.5,1,12.5,6,31,.000,.177,.125,.280,.000,.238,.086,.242,0,89.2,89.5,31
Brooks Lee,57,614,9.3,19,18,17,4,1,1,0,2,2,10.5,0,0.0,5,29,.222,.243,.211,.245,.611,.490,.328,.320,2,90.2,87.7,22
José Tena,57,673,8.5,16,13,13,3,2,1,0,0,0,0.0,3,18.8,5,26,.231,.275,.375,.411,.308,.502,.318,.395,1,88.7,94.7,27
Harold Ramírez,56,878,6.4,16,16,15,5,4,0,1,0,1,6.3,0,0.0,5,33,.313,.279,.313,.279,.438,.490,.320,.323,2,88.4,87.8,19
Austin Hays,56,845,6.6,15,15,14,2,2,0,0,0,1,6.7,0,0.0,7,31,.133,.225,.133,.225,.133,.304,.118,.229,1,89.2,81.5,17
Sam Hilliard,56,648,8.6,13,12,9,6,3,1,0,2,3,23.1,1,7.7,7,25,.500,.359,.538,.408,1.083,.755,.668,.484,2,89.8,93.5,17
Austin Hedges,56,547,10.2,18,15,9,1,0,0,0,1,7,38.9,1,5.6,16,36,.067,.043,.167,.148,.267,.095,.192,.126,0,88.4,81.9,20
Ryan Noda,55,499,11.0,12,11,6,3,2,1,0,0,5,41.7,1,8.3,6,27,.273,.237,.333,.301,.364,.271,.309,.261,0,90.7,82.3,0
Ezequiel Duran,55,1011,5.4,16,16,15,5,5,0,0,0,1,6.3,0,0.0,8,30,.313,.215,.313,.215,.313,.325,.276,.232,0,88.0,86.6,8
Daniel Vogelbach,55,362,15.2,14,13,8,4,1,3,0,0,5,35.7,1,7.1,5,19,.308,.249,.357,.303,.538,.484,.381,.335,1,91.7,93.8,11
Oliver Dunn,54,418,12.9,14,13,6,4,4,0,0,0,7,50.0,1,7.1,13,29,.308,.169,.357,.229,.308,.204,.301,.199,0,90.8,88.7,3
Kevin Pillar,54,1206,4.5,11,11,9,6,5,1,0,0,2,18.2,0,0.0,10,30,.545,.338,.545,.338,.636,.429,.515,.331,0,89.3,90.5,12
Pavin Smith,53,631,8.4,11,11,9,5,3,2,0,0,2,18.2,0,0.0,4,21,.455,.351,.455,.351,.636,.401,.469,.328,0,91.0,82.0,18
Martín Maldonado,53,556,9.5,12,12,7,1,1,0,0,0,5,41.7,0,0.0,11,27,.083,.059,.083,.059,.083,.069,.073,.054,0,89.3,78.8,36
Dylan Crews,52,520,10.0,16,12,13,3,1,1,1,0,0,0.0,2,12.5,3,24,.250,.367,.375,.469,.500,.555,.364,.435,1,87.5,90.2,2
Juan Yepez,52,966,5.4,15,13,12,4,2,1,0,1,1,6.7,2,13.3,9,29,.308,.368,.400,.452,.615,.765,.430,.503,2,87.8,90.4,11
Connor Norby,52,759,6.9,10,9,5,3,3,0,0,0,4,40.0,1,10.0,10,30,.333,.297,.400,.367,.333,.380,.333,.330,0,88.5,89.1,13
Reese McGuire,51,609,8.4,14,12,10,2,1,0,0,1,2,14.3,1,7.1,5,22,.167,.152,.286,.273,.417,.365,.310,.285,1,90.8,81.5,6
Trey Sweeney,50,448,11.2,14,13,12,3,3,0,0,0,2,14.3,0,0.0,4,28,.231,.333,.214,.356,.231,.463,.189,.366,1,90.0,92.5,15
Josh Jung,50,693,7.2,10,10,9,3,2,1,0,0,1,10.0,0,0.0,8,21,.300,.131,.300,.131,.400,.208,.302,.143,0,89.5,87.1,16
Derek Hill,49,609,8.0,12,10,8,3,1,0,0,2,2,16.7,2,16.7,7,25,.300,.397,.417,.498,.900,.922,.530,.571,2,88.7,90.9,23
Kyle McCann,49,636,7.7,12,11,8,3,3,0,0,0,3,25.0,1,8.3,11,27,.273,.301,.333,.359,.273,.389,.278,.333,0,88.7,82.0,8
Tommy Edman,49,567,8.6,17,17,17,3,2,1,0,0,0,0.0,0,0.0,2,25,.176,.154,.176,.154,.235,.232,.178,.166,0,90.5,84.2,26
Danny Mendick,47,540,8.7,12,12,10,2,1,0,0,1,2,16.7,0,0.0,7,23,.167,.210,.167,.210,.417,.463,.244,.285,1,89.5,86.6,28
Corey Julks,47,767,6.1,14,13,10,5,3,2,0,0,3,21.4,1,7.1,7,25,.385,.227,.429,.283,.538,.317,.417,.265,0,90.6,91.5,5
Jordan Beck,47,659,7.1,13,13,7,5,5,0,0,0,6,46.2,0,0.0,6,21,.385,.358,.385,.358,.385,.396,.339,.329,0,88.1,79.3,16
Andruw Monasterio,47,647,7.3,10,9,4,1,1,0,0,0,5,50.0,1,10.0,6,16,.111,.147,.200,.232,.111,.157,.157,.190,0,89.4,79.9,21
Pedro Pagés,47,849,5.5,14,14,12,3,3,0,0,0,2,14.3,0,0.0,8,26,.214,.187,.214,.187,.214,.231,.189,.180,0,90.0,86.4,22
Estevan Florial,46,450,10.2,9,6,3,0,0,0,0,0,3,33.3,2,22.2,9,23,.000,.050,.333,.367,.000,.055,.233,.264,0,89.5,67.7,-12
Javier Báez,46,1028,4.5,12,11,10,2,0,1,0,1,1,8.3,1,8.3,4,22,.182,.254,.250,.316,.545,.554,.333,.367,1,89.3,87.9,15
Jerar Encarnacion,46,490,9.4,6,6,5,3,0,2,0,1,1,16.7,0,0.0,4,17,.500,.548,.500,.548,1.333,1.255,.760,.748,2,89.3,104.7,11
Jung Hoo Lee,46,569,8.1,12,12,12,2,2,0,0,0,0,0.0,0,0.0,1,19,.167,.283,.167,.283,.167,.460,.147,.316,0,89.0,90.2,23
Garrett Cooper,46,450,10.2,10,10,7,1,0,1,0,0,3,30.0,0,0.0,7,21,.100,.332,.100,.332,.200,.511,.125,.361,1,90.1,91.7,22
Jhonkensy Noel,45,725,6.2,12,9,9,3,2,1,0,0,0,0.0,3,25.0,7,22,.333,.299,.500,.474,.444,.508,.424,.429,1,88.6,89.0,15
Jace Jung,45,386,11.7,12,10,9,1,1,0,0,0,1,8.3,2,16.7,7,21,.100,.142,.250,.285,.100,.164,.188,.224,0,90.3,84.3,14
Daz Cameron,45,715,6.3,8,8,6,2,1,0,0,1,2,25.0,0,0.0,7,22,.250,.243,.250,.243,.625,.585,.366,.343,1,89.1,91.6,16
Travis Jankowski,45,819,5.5,13,9,8,1,1,0,0,0,1,7.7,2,15.4,3,19,.111,.138,.385,.403,.111,.153,.285,.304,0,90.4,83.7,-6
James Outman,45,634,7.1,11,9,6,1,0,1,0,0,3,27.3,1,9.1,9,26,.111,.171,.273,.322,.222,.261,.242,.278,0,90.9,77.9,39
Tyler Wade,44,587,7.5,15,14,13,3,3,0,0,0,1,6.7,0,0.0,0,19,.214,.267,.267,.315,.214,.314,.224,.284,0,90.6,83.8,21
Kris Bryant,43,608,7.1,9,7,6,1,0,1,0,0,1,11.1,2,22.2,5,16,.143,.196,.333,.374,.286,.502,.293,.377,1,89.9,86.9,6
Niko Kavadas,42,465,9.0,8,6,4,0,0,0,0,0,2,25.0,2,25.0,6,21,.000,.164,.250,.373,.000,.538,.172,.387,1,90.4,95.0,46
Vaughn Grissom,42,443,9.5,13,12,9,3,2,1,0,0,3,23.1,1,7.7,4,19,.250,.308,.308,.362,.333,.477,.285,.364,1,89.2,86.4,6
Nick Sogard,42,348,12.1,9,9,6,2,2,0,0,0,3,33.3,0,0.0,5,23,.222,.238,.222,.238,.222,.295,.196,.228,0,91.7,91.4,5
Junior Caminero,40,629,6.4,13,11,11,3,2,0,0,1,0,0.0,2,15.4,4,16,.273,.286,.385,.396,.545,.610,.399,.425,2,90.4,82.0,13
Alex Jackson,40,626,6.4,10,10,7,2,0,0,0,2,3,30.0,0,0.0,10,22,.200,.199,.200,.199,.800,.654,.410,.346,2,89.8,90.6,26
Joshua Palacios,40,307,13.0,12,12,9,4,3,1,0,0,3,25.0,0,0.0,6,18,.333,.311,.333,.311,.417,.402,.325,.308,0,89.6,89.7,16
Tyler Soderstrom,40,770,5.2,12,11,8,3,1,0,0,2,3,25.0,0,0.0,5,20,.273,.278,.333,.338,.818,.757,.475,.451,2,89.8,92.5,17
Gabriel Arias,39,578,6.7,11,10,9,3,3,0,0,0,1,9.1,1,9.1,3,22,.300,.204,.364,.277,.300,.254,.303,.243,0,89.9,87.6,9
Aaron Schunk,39,371,10.5,8,8,8,3,3,0,0,0,0,0.0,0,0.0,3,28,.375,.386,.375,.386,.375,.421,.331,.354,0,89.5,82.4,5
Evan Carter,39,648,6.0,10,10,10,6,2,1,1,2,0,0.0,0,0.0,1,19,.600,.460,.600,.460,1.500,.908,.871,.573,2,89.9,86.1,21
Darell Hernaiz,38,510,7.5,12,11,9,2,2,0,0,0,2,16.7,1,8.3,3,16,.182,.383,.250,.434,.182,.539,.204,.421,1,87.9,91.3,19
Cristian Pache,38,753,5.0,10,9,6,3,2,1,0,0,3,30.0,1,10.0,4,16,.333,.253,.400,.328,.444,.281,.371,.277,0,88.0,86.7,1
Tomás Nido,38,506,7.5,9,7,8,0,0,0,0,0,0,0.0,1,11.1,6,19,.000,.198,.111,.282,.000,.531,.077,.329,1,87.5,84.7,29
Christian Bethancourt,37,516,7.2,10,10,9,2,1,0,0,1,1,10.0,0,0.0,4,23,.200,.297,.200,.297,.500,.690,.293,.408,3,88.9,95.6,27
Tyler Black,37,239,15.5,10,9,5,3,2,1,0,0,4,40.0,1,10.0,4,13,.333,.248,.400,.323,.444,.288,.371,.279,0,89.4,74.4,14
Curtis Mead,37,471,7.9,13,13,11,2,2,0,0,0,2,15.4,0,0.0,4,22,.154,.297,.154,.297,.154,.433,.136,.314,1,89.0,90.4,17
Jordan Walker,36,669,5.4,12,11,8,2,1,0,1,0,3,25.0,0,0.0,2,16,.182,.168,.250,.238,.364,.194,.266,.205,0,89.8,92.3,13
Nick Loftin,36,626,5.8,13,13,13,2,1,1,0,0,0,0.0,0,0.0,0,16,.154,.243,.154,.243,.231,.317,.164,.240,0,88.9,85.4,18
Miguel Sanó,36,402,9.0,11,10,7,5,3,1,0,1,3,27.3,1,9.1,7,17,.500,.439,.545,.490,.900,.995,.603,.605,3,88.9,105.2,12
Miles Mastrobuoni,36,381,9.4,8,7,5,1,1,0,0,0,2,25.0,1,12.5,4,16,.143,.120,.250,.230,.143,.207,.196,.208,0,89.2,82.4,8
Heston Kjerstad,36,423,8.5,8,6,5,2,0,0,0,2,1,12.5,1,12.5,5,21,.333,.282,.500,.462,1.333,.808,.689,.511,2,90.2,90.1,28
José Abreu,36,486,7.4,7,6,3,0,0,0,0,0,3,42.9,1,14.3,8,17,.000,.016,.143,.157,.000,.019,.098,.111,0,88.8,88.8,22
Yan Gomes,36,375,9.6,6,4,3,0,0,0,0,0,2,33.3,0,0.0,9,21,.000,.407,.167,.466,.000,.467,.120,.432,0,89.8,86.7,26
Dane Myers,36,425,8.5,8,6,4,2,2,0,0,0,2,25.0,2,25.0,6,17,.333,.206,.500,.404,.333,.234,.393,.316,0,88.9,79.9,3
Kyle Manzardo,35,636,5.5,6,6,4,1,1,0,0,0,2,33.3,0,0.0,3,16,.167,.309,.167,.309,.167,.423,.147,.314,0,89.3,90.4,12
Luis Matos,34,544,6.3,6,6,6,2,1,0,0,1,0,0.0,0,0.0,1,18,.333,.373,.333,.373,.833,.773,.489,.481,1,89.5,84.5,32
Aaron Hicks,34,284,12.0,6,5,3,0,0,0,0,0,2,33.3,1,16.7,2,11,.000,.132,.167,.276,.000,.204,.115,.237,0,88.9,85.3,34
Casey Schmitt,34,374,9.1,11,11,11,4,2,1,0,1,0,0.0,0,0.0,2,19,.364,.292,.364,.292,.727,.618,.461,.381,1,88.1,85.7,24
Patrick Wisdom,32,701,4.6,7,7,2,0,0,0,0,0,5,71.4,0,0.0,6,15,.000,.068,.000,.068,.000,.156,.000,.093,0,90.0,96.3,42
Austin Barnes,32,593,5.4,7,6,5,1,0,0,0,1,1,14.3,1,14.3,5,15,.167,.273,.286,.377,.667,.538,.391,.389,1,88.9,83.6,28
Austin Shenton,31,212,14.6,9,7,6,5,1,3,0,1,1,11.1,2,22.2,5,13,.714,.373,.778,.513,1.571,.696,.897,.500,1,89.8,96.5,21
Curt Casali,31,476,6.5,9,8,6,1,1,0,0,0,2,22.2,1,11.1,5,14,.125,.111,.222,.210,.125,.123,.175,.166,0,87.5,85.0,24
Luis Torrens,31,510,6.1,8,8,6,0,0,0,0,0,2,25.0,0,0.0,3,13,.000,.216,.000,.216,.000,.247,.000,.204,0,89.1,90.6,8
Jose Herrera,31,501,6.2,6,6,4,1,1,0,0,0,2,33.3,0,0.0,4,13,.167,.170,.167,.170,.167,.233,.147,.174,0,89.6,89.6,17
Bryan Ramos,30,418,7.2,6,6,6,1,1,0,0,0,0,0.0,0,0.0,0,8,.167,.361,.167,.361,.167,.444,.147,.354,0,89.0,95.8,10
Trey Cabbage,30,336,8.9,9,8,6,3,2,1,0,0,2,22.2,1,11.1,6,20,.375,.272,.444,.353,.500,.335,.412,.311,0,90.9,97.1,7
Victor Scott II,30,568,5.3,6,5,5,0,0,0,0,0,1,16.7,0,0.0,5,16,.000,.185,.000,.164,.000,.233,.000,.159,0,89.8,86.3,19
Nick Allen,30,356,8.4,8,7,6,3,2,1,0,0,1,12.5,1,12.5,2,12,.429,.288,.500,.377,.571,.373,.463,.337,0,89.8,84.6,17
Grant McCray,30,519,5.8,13,13,7,3,0,0,0,3,6,46.2,0,0.0,10,21,.231,.236,.231,.236,.923,.807,.473,.426,3,88.4,96.5,15
Ben Gamel,30,381,7.9,8,7,5,1,1,0,0,0,2,25.0,1,12.5,1,9,.143,.289,.250,.378,.143,.311,.196,.318,0,90.4,80.9,15
Alek Thomas,30,372,8.1,8,7,7,1,1,0,0,0,0,0.0,1,12.5,4,13,.143,.147,.250,.254,.143,.171,.196,.206,0,90.9,90.8,8
Trevor Story,30,373,8.0,10,8,5,3,1,1,0,1,3,30.0,2,20.0,8,19,.375,.177,.500,.342,.875,.347,.556,.313,1,90.0,93.2,9
Nick Madrigal,29,358,8.1,8,8,7,1,1,0,0,0,1,12.5,0,0.0,3,15,.125,.131,.125,.131,.125,.159,.110,.127,0,90.0,87.1,19
Blaze Alexander,29,714,4.1,6,3,2,2,2,0,0,0,1,16.7,2,33.3,4,13,.667,.319,.833,.659,.667,.355,.644,.497,0,89.5,105.3,-1
Andrés Chaparro,29,525,5.5,10,10,10,2,1,1,0,0,0,0.0,0,0.0,5,20,.200,.419,.200,.419,.300,.879,.214,.547,3,87.7,91.9,25
Henry Davis,29,521,5.6,9,7,6,4,4,0,0,0,1,11.1,1,11.1,4,15,.571,.409,.625,.483,.571,.464,.527,.423,0,89.3,88.4,-4
Weston Wilson,28,379,7.4,6,4,3,2,1,0,0,1,1,16.7,2,33.3,8,14,.500,.357,.667,.572,1.250,.994,.718,.605,1,90.2,99.8,33
Luis Urías,28,452,6.2,5,4,4,2,1,1,0,0,0,0.0,1,20.0,2,14,.500,.612,.600,.689,.750,1.171,.565,.738,1,88.8,94.9,8
Leo Rivas,28,371,7.5,6,6,5,2,2,0,0,0,1,16.7,0,0.0,2,12,.333,.353,.333,.353,.333,.480,.294,.355,0,90.8,89.0,3
David Dahl,28,266,10.5,6,6,5,2,2,0,0,0,1,16.7,0,0.0,5,16,.333,.171,.333,.171,.333,.205,.294,.164,0,89.6,89.7,12
Christian Encarnacion-Strand,28,451,6.2,10,9,8,2,2,0,0,0,1,10.0,1,10.0,2,16,.222,.357,.300,.422,.222,.418,.245,.370,0,88.0,84.1,18
Will Wagner,28,364,7.7,10,10,9,0,0,0,0,0,1,10.0,0,0.0,1,14,.000,.175,.000,.175,.000,.236,.000,.175,0,89.1,80.3,6
Nathan Lukes,28,356,7.9,8,7,7,2,2,0,0,0,0,0.0,1,12.5,0,16,.286,.371,.375,.450,.286,.438,.307,.394,0,89.6,86.5,26
Brooks Baldwin,27,426,6.3,6,5,5,3,2,1,0,0,0,0.0,1,16.7,2,18,.600,.397,.667,.497,.800,.493,.618,.434,0,88.8,91.0,11
Brett Harris,27,493,5.5,2,2,2,0,0,0,0,0,0,0.0,0,0.0,5,11,.000,.342,.000,.342,.000,.455,.000,.339,0,88.0,86.9,24
Alex Call,27,493,5.5,4,4,3,2,1,1,0,0,1,25.0,0,0.0,3,9,.500,.386,.500,.386,.750,.914,.534,.544,1,88.1,86.3,27
Cole Tucker,26,237,11.0,4,3,2,0,0,0,0,0,1,25.0,1,25.0,4,12,.000,.087,.250,.315,.000,.105,.172,.234,0,89.6,85.2,8
Zach DeLoach,26,298,8.7,8,7,6,2,2,0,0,0,1,12.5,1,12.5,6,15,.286,.235,.375,.331,.286,.275,.307,.279,0,89.2,90.4,1
Jasson Domínguez,26,278,9.4,7,7,2,0,0,0,0,0,5,71.4,0,0.0,7,14,.000,.109,.000,.109,.000,.175,.000,.118,1,89.6,88.3,5
Sean Bouchard,26,431,6.0,5,4,4,0,0,0,0,0,0,0.0,0,0.0,4,14,.000,.130,.200,.304,.000,.160,.144,.248,0,90.5,93.3,20
Dairon Blanco,25,459,5.4,7,6,4,0,0,0,0,0,2,28.6,1,14.3,4,12,.000,.248,.143,.356,.000,.564,.098,.388,1,91.7,87.5,23
Brandon Crawford,25,321,7.8,11,11,9,2,2,0,0,0,2,18.2,0,0.0,7,17,.182,.314,.182,.314,.182,.373,.160,.302,0,89.3,91.1,7
Graham Pauley,25,140,17.9,4,4,3,1,1,0,0,0,1,25.0,0,0.0,5,17,.250,.200,.250,.200,.250,.212,.220,.182,0,93.4,74.3,-15
Jacob Hurtubise,25,281,8.9,5,5,3,1,1,0,0,0,2,40.0,0,0.0,2,13,.200,.162,.200,.162,.200,.191,.176,.158,0,90.4,78.2,7
Zack Short,24,391,6.1,6,5,3,0,0,0,0,0,2,33.3,1,16.7,3,9,.000,.252,.167,.377,.000,.506,.115,.383,1,90.0,86.3,23
Marco Luciano,23,325,7.1,2,2,2,0,0,0,0,0,0,0.0,0,0.0,3,9,.000,.038,.000,.038,.000,.041,.000,.035,0,89.0,76.0,29
Justin Foscue,23,187,12.3,7,6,4,0,0,0,0,0,2,28.6,1,14.3,2,8,.000,.123,.143,.249,.000,.151,.098,.200,0,89.3,84.9,30
Riley Adams,23,531,4.3,2,1,1,1,0,1,0,0,0,0.0,1,50.0,3,7,1.000,.737,1.000,.869,2.000,.929,.972,.712,0,88.0,107.9,9
Jacob Wilson,23,349,6.6,9,8,9,2,2,0,0,0,0,0.0,0,0.0,1,13,.250,.289,.222,.258,.250,.348,.196,.249,0,89.9,89.5,22
Adrian Del Castillo,23,336,6.8,8,8,5,2,2,0,0,0,3,37.5,0,0.0,5,11,.250,.110,.250,.110,.250,.127,.220,.103,0,90.2,79.3,30
Kody Clemens,22,468,4.7,8,8,8,2,1,1,0,0,0,0.0,0,0.0,0,12,.250,.235,.250,.235,.375,.498,.267,.306,0,90.9,90.4,22
Braden Shewmake,22,214,10.3,5,5,5,1,1,0,0,0,0,0.0,0,0.0,2,11,.200,.217,.200,.217,.200,.285,.176,.216,0,89.5,82.9,12
Ryan Kreidler,22,263,8.4,6,6,3,1,1,0,0,0,3,50.0,0,0.0,5,9,.167,.156,.167,.156,.167,.175,.147,.148,0,89.6,80.2,32
Zach Dezenzo,22,245,9.0,6,6,6,2,1,1,0,0,0,0.0,0,0.0,2,12,.333,.395,.333,.395,.500,.898,.356,.545,1,91.2,94.8,12
Ali Sánchez,22,338,6.5,4,2,2,0,0,0,0,0,1,25.0,1,25.0,3,9,.000,.145,.250,.372,.000,.335,.172,.326,0,89.1,88.8,25
Michael Stefanic,22,482,4.6,7,7,6,2,1,1,0,0,1,14.3,0,0.0,2,13,.286,.312,.286,.312,.429,.367,.305,.294,0,89.6,82.7,8
Tucker Barnhart,21,375,5.6,1,1,1,0,0,0,0,0,0,0.0,0,0.0,0,7,.000,.003,.000,.003,.000,.004,.000,.004,0,88.1,71.8,70
Nasim Nuñez,20,327,6.1,2,1,1,0,0,0,0,0,0,0.0,1,50.0,1,3,.000,.426,.500,.713,.000,.531,.345,.559,0,89.2,84.6,7
Omar Narváez,20,269,7.4,5,5,5,1,1,0,0,0,0,0.0,0,0.0,3,15,.200,.159,.200,.159,.200,.200,.176,.155,0,89.8,91.4,8
Jared Walsh,19,262,7.3,5,5,4,0,0,0,0,0,1,20.0,0,0.0,2,10,.000,.128,.000,.128,.000,.339,.000,.194,1,88.9,87.6,40
Griffin Conine,19,334,5.7,8,6,5,3,3,0,0,0,1,12.5,1,12.5,3,11,.500,.378,.625,.533,.500,.466,.507,.451,0,91.2,87.4,16
José Fermín,19,324,5.9,3,3,2,0,0,0,0,0,1,33.3,0,0.0,1,8,.000,.072,.000,.072,.000,.081,.000,.067,0,90.4,87.6,-29
Eric Haase,19,270,7.0,4,4,2,0,0,0,0,0,2,50.0,0,0.0,5,9,.000,.160,.000,.160,.000,.184,.000,.150,0,88.8,94.6,-4
Jack López,19,274,6.9,3,1,0,0,0,0,0,0,1,33.3,1,33.3,4,7,.000,0,.667,.667,.000,0,.470,.470,0,90.2,0,0
Drew Millas,19,252,7.5,2,2,0,0,0,0,0,0,2,100.0,0,0.0,2,7,.000,0,.000,0,.000,0,.000,.000,0,89.0,0,0
Esteury Ruiz,18,246,7.3,6,5,4,1,1,0,0,0,1,16.7,1,16.7,2,10,.200,.095,.333,.246,.200,.211,.262,.223,0,88.7,97.5,30
Tyler Locklear,18,196,9.2,5,5,4,0,0,0,0,0,1,20.0,0,0.0,6,13,.000,.113,.000,.113,.000,.128,.000,.107,0,90.2,80.8,29
Eric Wagaman,18,269,6.7,4,4,4,1,1,0,0,0,0,0.0,0,0.0,0,10,.250,.484,.250,.484,.250,.571,.220,.457,0,89.7,93.4,24
Ji Hwan Bae,18,313,5.8,5,4,4,1,1,0,0,0,0,0.0,1,20.0,0,7,.250,.262,.400,.409,.250,.281,.314,.328,0,89.1,71.1,-3
Brian Serven,18,258,7.0,6,5,4,2,0,2,0,0,1,16.7,1,16.7,1,6,.400,.145,.500,.288,.800,.304,.533,.272,0,87.4,91.8,39
Jacob Amaya,18,301,6.0,5,5,4,1,1,0,0,0,1,20.0,0,0.0,2,8,.200,.137,.200,.137,.200,.160,.176,.127,0,89.1,86.3,-9
Jon Berti,17,271,6.3,8,8,6,3,2,0,0,1,2,25.0,0,0.0,1,10,.375,.334,.375,.334,.750,.473,.477,.349,0,86.1,83.9,25
Akil Baddoo,17,318,5.3,4,3,3,2,0,1,0,1,0,0.0,1,25.0,1,8,.667,.497,.750,.623,2.000,1.642,.998,.827,2,89.4,100.6,34
Coby Mayo,17,188,9.0,3,3,1,1,1,0,0,0,2,66.7,0,0.0,3,7,.333,.328,.333,.328,.333,.369,.294,.307,0,88.6,80.8,18
Pedro León,17,90,18.9,5,4,3,0,0,0,0,0,1,20.0,1,20.0,4,11,.000,.178,.200,.342,.000,.227,.138,.276,0,88.1,91.8,32
Bryce Johnson,17,263,6.5,7,7,5,2,2,0,0,0,2,28.6,0,0.0,1,11,.286,.242,.286,.242,.286,.279,.252,.226,0,89.3,83.1,14
Alika Williams,16,336,4.8,2,2,2,1,0,1,0,0,0,0.0,0,0.0,1,6,.500,.263,.500,.263,1.000,.403,.627,.278,0,89.1,92.3,23
Yuli Gurriel,16,281,5.7,5,3,3,1,1,0,0,0,0,0.0,2,40.0,1,5,.333,.418,.600,.651,.333,.487,.452,.517,0,90.9,81.7,-24
Billy Cook,16,184,8.7,3,3,2,0,0,0,0,0,1,33.3,0,0.0,4,8,.000,.203,.000,.203,.000,.229,.000,.190,0,88.7,90.1,36
Luken Baker,16,201,8.0,6,5,5,1,0,0,0,1,0,0.0,1,16.7,1,8,.200,.335,.333,.446,.800,.827,.456,.514,1,88.4,96.9,28
Rafael Marchán,16,195,8.2,4,3,1,1,0,0,0,1,2,50.0,1,25.0,3,8,.333,.253,.500,.440,1.333,.984,.685,.548,1,89.0,102.8,28
Dillon Dingler,16,331,4.8,4,4,3,2,1,0,1,0,1,25.0,0,0.0,4,8,.500,.402,.500,.402,1.000,.650,.618,.448,0,89.3,99.4,18
José Azocar,16,291,5.5,5,4,3,1,1,0,0,0,1,20.0,1,20.0,3,11,.250,.295,.400,.436,.250,.341,.314,.360,0,86.9,91.9,18
Pablo Reyes,16,252,6.3,2,2,2,0,0,0,0,0,0,0.0,0,0.0,0,6,.000,.275,.000,.275,.000,.323,.000,.263,0,89.5,89.3,24
Seby Zavala,16,171,9.4,4,4,2,0,0,0,0,0,2,50.0,0,0.0,3,8,.000,.291,.000,.291,.000,1.087,.000,.561,1,89.9,101.4,32
Steward Berroa,15,183,8.2,4,3,1,0,0,0,0,0,2,50.0,1,25.0,2,6,.000,.006,.250,.254,.000,.008,.172,.177,0,92.5,81.4,61
Andrew Knizner,15,360,4.2,5,5,5,4,3,1,0,0,0,0.0,0,0.0,3,10,.800,.457,.800,.457,1.000,.790,.780,.528,1,86.8,92.6,11
J.D. Davis,15,587,2.6,4,3,2,1,0,1,0,0,1,25.0,1,25.0,3,10,.333,.381,.500,.535,.667,.843,.486,.556,1,90.0,90.5,16
Ryan Vilade,15,188,8.0,6,6,5,1,0,0,0,1,1,16.7,0,0.0,2,9,.167,.310,.167,.310,.667,.581,.342,.374,1,88.6,95.9,4
Avisaíl García,14,186,7.5,3,3,2,0,0,0,0,0,1,33.3,0,0.0,3,7,.000,.234,.000,.234,.000,.264,.000,.216,0,86.9,89.7,3
Gustavo Campero,14,177,7.9,5,4,4,1,1,0,0,0,0,0.0,0,0.0,0,8,.250,.299,.400,.439,.250,.331,.320,.365,0,89.5,85.8,15
Drew Romo,14,189,7.4,4,4,3,1,1,0,0,0,1,25.0,0,0.0,2,10,.250,.181,.250,.181,.250,.193,.220,.164,0,88.9,77.0,39
Adael Amador,14,119,11.8,4,4,4,0,0,0,0,0,0,0.0,0,0.0,2,9,.000,.278,.000,.278,.000,.348,.000,.268,0,90.1,92.8,-3
Eguy Rosario,14,226,6.2,4,4,3,2,0,1,0,1,1,25.0,0,0.0,1,7,.500,.320,.500,.320,1.500,1.105,.826,.579,1,89.7,95.0,3
Cal Stevenson,14,102,13.7,4,3,3,1,0,1,0,0,0,0.0,1,25.0,1,8,.333,.433,.500,.575,.667,.833,.486,.568,1,90.3,95.7,3
Mike Ford,14,229,6.1,4,4,1,0,0,0,0,0,3,75.0,0,0.0,2,4,.000,.002,.000,.002,.000,.003,.000,.003,0,89.2,78.9,70
Buddy Kennedy,14,132,10.6,1,1,1,1,0,0,0,1,0,0.0,0,0.0,3,7,1.000,.857,1.000,.857,4.000,2.957,2.050,1.551,1,88.8,103.9,25
Nick Yorke,13,174,7.5,3,1,2,1,1,0,0,0,0,0.0,1,33.3,1,6,1.000,.491,.667,.608,1.000,.671,.524,.590,0,88.9,95.9,23
Jason Vosler,13,120,10.8,4,4,2,0,0,0,0,0,2,50.0,0,0.0,2,8,.000,.005,.000,.005,.000,.006,.000,.005,0,90.2,91.1,65
Drew Waters,13,94,13.8,5,4,2,1,0,1,0,0,2,40.0,0,0.0,3,7,.250,.033,.400,.226,.500,.084,.395,.183,0,89.3,78.4,50
Ryan Bliss,13,259,5.0,4,4,3,0,0,0,0,0,1,25.0,0,0.0,3,10,.000,.143,.000,.143,.000,.156,.000,.131,0,91.5,87.7,-14
Chuckie Robinson,13,298,4.4,5,5,5,1,1,0,0,0,0,0.0,0,0.0,2,8,.200,.250,.200,.250,.200,.269,.176,.230,0,89.7,85.0,-14
Zach Remillard,13,151,8.6,1,1,1,0,0,0,0,0,0,0.0,0,0.0,1,3,.000,.443,.000,.443,.000,.479,.000,.399,0,87.1,82.7,9
Mason McCoy,13,232,5.6,3,2,1,0,0,0,0,0,1,33.3,1,33.3,4,7,.000,.283,.333,.522,.000,.323,.230,.402,0,90.6,81.4,23
Charles Leblanc,12,118,10.2,1,1,0,0,0,0,0,0,1,100.0,0,0.0,0,3,.000,0,.000,0,.000,0,.000,.000,0,91.8,0,0
Kyren Paris,12,234,5.1,4,4,4,2,1,1,0,0,0,0.0,0,0.0,1,7,.500,.423,.500,.423,.750,.683,.534,.470,0,88.2,96.4,11
Tom Murphy,12,152,7.9,3,3,3,0,0,0,0,0,0,0.0,0,0.0,1,6,.000,.284,.000,.284,.000,.857,.000,.471,1,85.9,90.8,18
Bobby Dalbec,12,413,2.9,3,3,2,0,0,0,0,0,1,33.3,0,0.0,2,6,.000,.094,.000,.094,.000,.112,.000,.091,0,88.5,78.2,-8
Chadwick Tromp,12,182,6.6,3,3,3,1,1,0,0,0,0,0.0,0,0.0,0,3,.333,.060,.333,.060,.333,.067,.294,.054,0,88.8,70.9,14
Jonathan Ornelas,11,163,6.7,1,1,1,0,0,0,0,0,0,0.0,0,0.0,0,4,.000,.009,.000,.009,.000,.027,.000,.017,0,90.5,92.8,44
Niko Goodrum,11,140,7.9,3,3,3,0,0,0,0,0,0,0.0,0,0.0,0,3,.000,.166,.000,.166,.000,.183,.000,.151,0,88.7,77.7,-6
Forrest Wall,11,129,8.5,4,3,3,0,0,0,0,0,0,0.0,1,25.0,0,4,.000,.228,.250,.421,.000,.282,.172,.342,0,90.0,90.1,35
Aledmys Díaz,11,116,9.5,2,2,1,0,0,0,0,0,1,50.0,0,0.0,2,5,.000,.163,.000,.163,.000,.202,.000,.162,0,88.0,75.5,31
Oscar Colás,11,144,7.6,4,3,2,2,2,0,0,0,1,25.0,0,0.0,2,4,.667,.262,.750,.446,.667,.300,.621,.368,0,88.7,104.8,-2
Eli White,10,160,6.3,3,3,2,1,1,0,0,0,1,33.3,0,0.0,2,6,.333,.030,.333,.030,.333,.039,.294,.031,0,87.7,88.6,11
Logan Driscoll,10,130,7.7,2,2,1,0,0,0,0,0,1,50.0,0,0.0,2,4,.000,.115,.000,.115,.000,.203,.000,.135,0,90.9,92.6,21
Rafael Ortega,10,68,14.7,1,1,1,0,0,0,0,0,0,0.0,0,0.0,0,2,.000,.117,.000,.117,.000,.426,.000,.221,0,88.0,97.4,38
César Salazar,10,111,9.0,3,2,1,1,1,0,0,0,1,33.3,0,0.0,4,6,.500,.240,.667,.493,.500,.273,.534,.391,0,89.2,95.3,4
Yoán Moncada,10,192,5.2,1,1,1,0,0,0,0,0,0,0.0,0,0.0,0,5,.000,.474,.000,.474,.000,.564,.000,.455,0,89.0,102.0,1
Ehire Adrianza,10,118,8.5,2,2,1,0,0,0,0,0,1,50.0,0,0.0,0,3,.000,.032,.000,.032,.000,.063,.000,.036,0,89.8,89.1,27
Bligh Madris,10,275,3.6,4,4,3,2,1,1,0,0,1,25.0,0,0.0,1,6,.500,.384,.500,.384,.750,.590,.534,.419,1,89.2,75.6,34
Tyler Heineman,10,61,16.4,2,2,1,0,0,0,0,0,1,50.0,0,0.0,0,6,.000,.004,.000,.004,.000,.004,.000,.004,0,89.3,85.4,36
Bubba Thompson,10,77,13.0,2,2,1,0,0,0,0,0,1,50.0,0,0.0,3,6,.000,.255,.000,.255,.000,.971,.000,.492,1,90.0,102.3,34
Jonatan Clase,10,267,3.7,3,2,2,2,1,0,0,1,0,0.0,0,0.0,1,7,1.000,.373,1.000,.582,2.500,.689,1.217,.534,0,88.7,102.1,18
Davis Wendzel,10,170,5.9,1,1,1,0,0,0,0,0,0,0.0,0,0.0,0,4,.000,.009,.000,.009,.000,.009,.000,.008,0,88.1,94.2,56
Travis Blankenhorn,10,122,8.2,1,1,0,0,0,0,0,0,1,100.0,0,0.0,1,5,.000,0,.000,0,.000,0,.000,.000,0,89.4,0,0
Shay Whitcomb,10,181,5.5,1,1,1,1,1,0,0,0,0,0.0,0,0.0,0,4,1.000,.666,1.000,.666,1.000,.753,.882,.625,0,93.9,100.4,9
Jahmai Jones,9,152,5.9,3,3,2,1,1,0,0,0,1,33.3,0,0.0,0,4,.333,.171,.333,.171,.333,.192,.294,.156,0,86.9,85.0,-4
Owen Miller,9,103,8.7,2,2,2,0,0,0,0,0,0,0.0,0,0.0,1,6,.000,.243,.000,.243,.000,.274,.000,.223,0,88.9,87.4,29
Luis De Los Santos,9,121,7.4,3,3,3,0,0,0,0,0,0,0.0,0,0.0,2,5,.000,.089,.000,.089,.000,.219,.000,.126,0,87.1,85.7,7
David Bote,9,162,5.6,3,3,3,2,2,0,0,0,0,0.0,0,0.0,3,8,.667,.326,.667,.326,.667,.505,.588,.355,0,89.4,96.2,5
René Pinto,9,185,4.9,2,2,1,0,0,0,0,0,1,50.0,0,0.0,6,7,.000,.105,.000,.105,.000,.345,.000,.178,0,90.4,96.4,31
Trenton Brooks,9,110,8.2,2,2,1,1,1,0,0,0,1,50.0,0,0.0,1,4,.500,.313,.500,.313,.500,.349,.441,.290,0,88.5,97.5,6
Jamie Westbrook,9,200,4.5,1,1,1,0,0,0,0,0,0,0.0,0,0.0,0,2,.000,.011,.000,.011,.000,.017,.000,.012,0,89.6,91.5,50
Grant Koch,8,49,16.3,2,2,1,0,0,0,0,0,1,50.0,0,0.0,2,4,.000,.007,.000,.007,.000,.020,.000,.011,0,88.7,89.1,36
Austin Wynns,8,75,10.7,1,1,1,1,1,0,0,0,0,0.0,0,0.0,1,3,1.000,.211,1.000,.211,1.000,.225,.882,.190,0,87.5,87.7,-1
Liover Peguero,8,46,17.4,0,0,0,0,0,0,0,0,0,0,0,0,3,4,0,0,0,0,0,0,0,0,0,89.4,0,0
Joey Wendle,8,134,6.0,1,1,1,0,0,0,0,0,0,0.0,0,0.0,1,4,.000,.330,.000,.330,.000,.378,.000,.297,0,92.0,90.6,-1
Alexander Canario,8,101,7.9,2,2,2,0,0,0,0,0,0,0.0,0,0.0,1,4,.000,.304,.000,.304,.000,.490,.000,.341,0,87.8,95.4,26
Cooper Hummel,8,23,34.8,3,3,2,0,0,0,0,0,1,33.3,0,0.0,2,5,.000,.256,.000,.256,.000,.447,.000,.296,1,90.8,94.2,-15
Rece Hinds,8,183,4.4,2,2,1,0,0,0,0,0,1,50.0,0,0.0,2,4,.000,.028,.000,.028,.000,.033,.000,.025,0,89.3,72.0,-16
Duke Ellis,8,23,34.8,1,1,0,0,0,0,0,0,1,100.0,0,0.0,0,3,.000,0,.000,0,.000,0,.000,.000,0,91.3,0,0
Darren Baker,7,39,17.9,3,3,3,3,1,2,0,0,0,0.0,0,0.0,0,3,1.000,.403,1.000,.403,1.667,.475,1.130,.387,0,89.2,79.5,17
Jordyn Adams,7,158,4.4,4,4,3,0,0,0,0,0,1,25.0,0,0.0,1,4,.000,.279,.000,.279,.000,.383,.000,.284,0,89.8,96.3,5
Luke Williams,7,172,4.1,2,2,2,0,0,0,0,0,0,0.0,0,0.0,0,4,.000,.119,.000,.119,.000,.410,.000,.208,0,91.2,90.6,43
Nacho Alvarez Jr.,7,119,5.9,2,2,2,0,0,0,0,0,0,0.0,0,0.0,0,3,.000,.074,.000,.074,.000,.106,.000,.077,0,89.2,73.9,-5
Kameron Misner,7,65,10.8,0,0,0,0,0,0,0,0,0,0,0,0,1,6,0,0,0,0,0,0,0,0,0,89.3,0,0
Armando Alvarez,7,139,5.0,2,2,2,0,0,0,0,0,0,0.0,0,0.0,0,3,.000,.140,.000,.140,.000,.142,.000,.127,0,87.9,55.6,24
Donovan Walton,6,96,6.3,1,1,1,0,0,0,0,0,0,0.0,0,0.0,2,4,.000,.023,.000,.023,.000,.068,.000,.038,0,87.8,94.5,41
Livan Soto,6,66,9.1,1,1,1,0,0,0,0,0,0,0.0,0,0.0,0,3,.000,.020,.000,.020,.000,.025,.000,.019,0,89.0,97.6,57
Alan Trejo,6,221,2.7,2,2,2,0,0,0,0,0,0,0.0,0,0.0,1,4,.000,.091,.000,.091,.000,.133,.000,.088,0,89.4,91.1,16
J.P. Martínez,6,42,14.3,1,1,1,0,0,0,0,0,0,0.0,0,0.0,0,3,.000,.254,.000,.254,.000,.286,.000,.241,0,89.2,83.5,0
Blake Dunn,6,120,5.0,1,0,0,0,0,0,0,0,0,0.0,0,0.0,2,3,0,0,1.000,1.000,0,0,.720,.720,0,98.9,0,0
Joey Wiemer,6,109,5.5,1,1,1,0,0,0,0,0,0,0.0,0,0.0,0,4,.000,.052,.000,.052,.000,.064,.000,.047,0,91.7,68.0,-24
Levi Jordan,6,40,15.0,0,0,0,0,0,0,0,0,0,0,0,0,0,0,0,0,0,0,0,0,0,0,0,89.8,0,0
Grae Kessinger,6,115,5.2,0,0,0,0,0,0,0,0,0,0,0,0,0,2,0,0,0,0,0,0,0,0,0,89.7,0,0
Jason Delay,6,50,12.0,3,3,3,2,0,2,0,0,0,0.0,0,0.0,1,4,.667,.325,.667,.325,1.333,.393,.836,.310,0,91.9,84.8,15
Mickey Gasper,6,92,6.5,0,0,0,0,0,0,0,0,0,0,0,0,0,2,0,0,0,0,0,0,0,0,0,89.7,0,0
Luisangel Acuña,6,136,4.4,0,0,0,0,0,0,0,0,0,0,0,0,0,1,0,0,0,0,0,0,0,0,0,89.3,0,0
Thomas Saggese,6,189,3.2,1,1,1,0,0,0,0,0,0,0.0,0,0.0,1,4,.000,.666,.000,.666,.000,.753,.000,.625,0,90.9,99.6,9
Blake Sabol,6,124,4.8,2,1,1,0,0,0,0,0,0,0.0,0,0.0,2,4,.000,.117,.500,.558,.000,.253,.360,.436,0,86.4,92.9,27
Jace Peterson,5,102,4.9,2,2,1,0,0,0,0,0,1,50.0,0,0.0,1,3,.000,.029,.000,.029,.000,.036,.000,.028,0,89.0,83.2,-32
Sam Haggerty,5,59,8.5,2,2,2,0,0,0,0,0,0,0.0,0,0.0,0,3,.000,.323,.000,.323,.000,.346,.000,.291,0,88.7,85.9,42
Vinny Capra,5,32,15.6,1,1,1,0,0,0,0,0,0,0.0,0,0.0,0,3,.000,.064,.000,.064,.000,.071,.000,.061,0,88.0,59.8,-15
Eddy Alvarez,5,54,9.3,1,1,0,0,0,0,0,0,1,100.0,0,0.0,1,1,.000,0,.000,0,.000,0,.000,.000,0,89.1,0,0
Jakson Reetz,4,49,8.2,0,0,0,0,0,0,0,0,0,0,0,0,1,1,0,0,0,0,0,0,0,0,0,89.7,0,0
Jorge Barrosa,4,62,6.5,0,0,0,0,0,0,0,0,0,0,0,0,0,1,0,0,0,0,0,0,0,0,0,88.2,0,0
David Hensley,4,250,1.6,0,0,0,0,0,0,0,0,0,0,0,0,0,1,0,0,0,0,0,0,0,0,0,88.9,0,0
Johnathan Rodriguez,4,175,2.3,1,1,1,0,0,0,0,0,0,0.0,0,0.0,1,2,.000,.167,.000,.167,.000,.185,.000,.160,0,87.5,104.8,-25
Isaac Collins,4,87,4.6,2,2,1,0,0,0,0,0,1,50.0,0,0.0,1,2,.000,.104,.000,.104,.000,.117,.000,.098,0,90.6,67.1,8
Brewer Hicklen,4,29,13.8,1,1,0,0,0,0,0,0,1,100.0,0,0.0,1,3,.000,0,.000,0,.000,0,.000,.000,0,90.3,0,0
Jhonny Pereda,4,158,2.5,2,2,1,0,0,0,0,0,1,50.0,0,0.0,2,3,.000,.021,.000,.021,.000,.021,.000,.019,0,90.5,73.3,-31
Billy McKinney,4,114,3.5,0,0,0,0,0,0,0,0,0,0,0,0,1,2,0,0,0,0,0,0,0,0,0,90.3,0,0
Matt Mervis,4,98,4.1,0,0,0,0,0,0,0,0,0,0,0,0,0,2,0,0,0,0,0,0,0,0,0,87.7,0,0
Matthew Batten,3,11,27.3,1,1,1,0,0,0,0,0,0,0.0,0,0.0,0,1,.000,.255,.000,.255,.000,.270,.000,.230,0,88.5,92.4,-7
Hunter Feduccia,3,57,5.3,2,1,1,1,1,0,0,0,0,0.0,1,50.0,0,1,1.000,.914,1.000,.957,1.000,1.030,.785,.768,0,88.0,82.6,19
Diego A. Castillo,3,36,8.3,1,0,0,0,0,0,0,0,0,0.0,1,100.0,0,0,0,0,1.000,1.000,0,0,.689,.689,0,94.5,0,0
Keston Hiura,3,93,3.2,2,2,2,0,0,0,0,0,0,0.0,0,0.0,0,2,.000,.091,.000,.091,.000,.151,.000,.105,0,88.0,80.5,9
Carlos Narvaez,3,68,4.4,1,0,0,0,0,0,0,0,0,0.0,1,100.0,0,0,0,0,1.000,1.000,0,0,.689,.689,0,86.6,0,0
Ryan McKenna,2,52,3.8,1,1,1,1,0,0,0,1,0,0.0,0,0.0,0,1,1.000,.760,1.000,.760,4.000,3.020,2.050,1.538,1,91.1,103.0,30
Tristan Gray,2,123,1.6,1,1,0,0,0,0,0,0,1,100.0,0,0.0,1,1,.000,0,.000,0,.000,0,.000,.000,0,87.3,0,0
Brandon Lockridge,2,46,4.3,1,1,1,0,0,0,0,0,0,0.0,0,0.0,0,2,.000,.171,.000,.171,.000,.194,.000,.165,0,89.4,98.1,-18
Tony Kemp,2,37,5.4,0,0,0,0,0,0,0,0,0,0,0,0,0,1,0,0,0,0,0,0,0,0,0,89.7,0,0
Taylor Trammell,2,37,5.4,1,1,1,0,0,0,0,0,0,0.0,0,0.0,0,1,.000,.254,.000,.254,.000,.274,.000,.229,0,86.7,79.4,4
CJ Alexander,2,28,7.1,1,1,1,0,0,0,0,0,0,0.0,0,0.0,0,1,.000,.011,.000,.011,.000,.019,.000,.012,0,90.1,84.6,45
Chris Roller,2,6,33.3,0,0,0,0,0,0,0,0,0,0,0,0,0,2,0,0,0,0,0,0,0,0,0,92.2,0,0
Nick Maton,1,28,3.6,0,0,0,0,0,0,0,0,0,0,0,0,0,1,0,0,0,0,0,0,0,0,0,90.7,0,0
Dustin Harris,1,23,4.3,0,0,0,0,0,0,0,0,0,0,0,0,0,0,0,0,0,0,0,0,0,0,0,89.6,0,0
Luis Vazquez,1,51,2.0,0,0,0,0,0,0,0,0,0,0,0,0,0,0,0,0,0,0,0,0,0,0,0,87.1,0,0
David Villar,1,136,0.7,0,0,0,0,0,0,0,0,0,0,0,0,0,0,0,0,0,0,0,0,0,0,0,82.2,0,0
Rob Brantly,1,34,2.9,0,0,0,0,0,0,0,0,0,0,0,0,0,1,0,0,0,0,0,0,0,0,0,89.4,0,0
Sandro Fabian,1,21,4.8,0,0,0,0,0,0,0,0,0,0,0,0,0,0,0,0,0,0,0,0,0,0,0,88.7,0,0
Kevin Alcántara,1,26,3.8,0,0,0,0,0,0,0,0,0,0,0,0,0,0,0,0,0,0,0,0,0,0,0,89.1,0,0
Greg Jones,1,29,3.4,0,0,0,0,0,0,0,0,0,0,0,0,0,0,0,0,0,0,0,0,0,0,0,91.6,0,0
Brett Sullivan,1,49,2.0,0,0,0,0,0,0,0,0,0,0,0,0,0,1,0,0,0,0,0,0,0,0,0,88.1,0,0
Edwin Ríos,1,40,2.5,0,0,0,0,0,0,0,0,0,0,0,0,1,1,0,0,0,0,0,0,0,0,0,87.9,0,0
Aramis Garcia,1,36,2.8,0,0,0,0,0,0,0,0,0,0,0,0,0,0,0,0,0,0,0,0,0,0,0,89.1,0,0
David Fletcher,1,27,3.7,0,0,0,0,0,0,0,0,0,0,0,0,0,0,0,0,0,0,0,0,0,0,0,89.0,0,0
Bryce Teodosio,1,43,2.3,0,0,0,0,0,0,0,0,0,0,0,0,0,0,0,0,0,0,0,0,0,0,0,88.5,0,0
Michael Helman,1,28,3.6,1,1,1,1,0,1,0,0,0,0.0,0,0.0,0,1,1.000,.009,1.000,.009,2.000,.013,1.254,.010,0,85.9,76.9,63
Javier Sanoja,1,118,0.8,1,1,1,1,1,0,0,0,0,0.0,0,0.0,0,1,1.000,.321,1.000,.321,1.000,.336,.882,.289,0,88.0,103.0,-11
